cftc_commodity_code,cftc_contract_market_code,cftc_market_code,cftc_region_code,cftc_subgroup_code,change_in_m_money_long_all,change_in_m_money_short_all,change_in_m_money_spread,change_in_nonrept_long_all,change_in_nonrept_short_all,change_in_open_interest_all,change_in_other_rept_long,change_in_other_rept_short,change_in_other_rept_spread,change_in_prod_merc_long,change_in_prod_merc_short,change_in_swap_long_all,change_in_swap_short_all,change_in_swap_spread_all,change_in_tot_rept_long_all,change_in_tot_rept_short,commodity,commodity_group_name,commodity_name,commodity_subgroup_name,conc_gross_le_4_tdr_long,conc_gross_le_4_tdr_long_1,conc_gross_le_4_tdr_long_2,conc_gross_le_4_tdr_short,conc_gross_le_4_tdr_short_1,conc_gross_le_4_tdr_short_2,conc_gross_le_8_tdr_long,conc_gross_le_8_tdr_long_1,conc_gross_le_8_tdr_long_2,conc_gross_le_8_tdr_short,conc_gross_le_8_tdr_short_1,conc_gross_le_8_tdr_short_2,conc_net_le_4_tdr_long_all,conc_net_le_4_tdr_long_old,conc_net_le_4_tdr_long_other,conc_net_le_4_tdr_short_all,conc_net_le_4_tdr_short_old,conc_net_le_4_tdr_short_other,conc_net_le_8_tdr_long_all,conc_net_le_8_tdr_long_old,conc_net_le_8_tdr_long_other,conc_net_le_8_tdr_short_all,conc_net_le_8_tdr_short_old,conc_net_le_8_tdr_short_other,contract_market_name,contract_units,futonly_or_combined,id,m_money_positions_long_all,m_money_positions_long_old,m_money_positions_long_other,m_money_positions_short_all,m_money_positions_short_old,m_money_positions_short_other,m_money_positions_spread,m_money_positions_spread_1,m_money_positions_spread_2,market_and_exchange_names,nonrept_positions_long_all,nonrept_positions_long_old,nonrept_positions_long_other,nonrept_positions_short_all,nonrept_positions_short_old,nonrept_positions_short_other,open_interest_all,open_interest_old,open_interest_other,other_rept_positions_long,other_rept_positions_long_1,other_rept_positions_long_2,other_rept_positions_short,other_rept_positions_short_1,other_rept_positions_short_2,other_rept_positions_spread,other_rept_positions_spread_1,other_rept_positions_spread_2,pct_of_oi_m_money_long_all,pct_of_oi_m_money_long_old,pct_of_oi_m_money_long_other,pct_of_oi_m_money_short_all,pct_of_oi_m_money_short_old,pct_of_oi_m_money_short_other,pct_of_oi_m_money_spread,pct_of_oi_m_money_spread_1,pct_of_oi_m_money_spread_2,pct_of_oi_nonrept_long_all,pct_of_oi_nonrept_long_old,pct_of_oi_nonrept_long_other,pct_of_oi_nonrept_short_all,pct_of_oi_nonrept_short_old,pct_of_oi_nonrept_short_other,pct_of_oi_other_rept_long,pct_of_oi_other_rept_long_1,pct_of_oi_other_rept_long_2,pct_of_oi_other_rept_short,pct_of_oi_other_rept_short_1,pct_of_oi_other_rept_short_2,pct_of_oi_other_rept_spread,pct_of_oi_other_rept_spread_1,pct_of_oi_other_rept_spread_2,pct_of_oi_prod_merc_long,pct_of_oi_prod_merc_long_1,pct_of_oi_prod_merc_long_2,pct_of_oi_prod_merc_short,pct_of_oi_prod_merc_short_1,pct_of_oi_prod_merc_short_2,pct_of_oi_swap_long_all,pct_of_oi_swap_long_old,pct_of_oi_swap_long_other,pct_of_oi_swap_short_all,pct_of_oi_swap_short_old,pct_of_oi_swap_short_other,pct_of_oi_swap_spread_all,pct_of_oi_swap_spread_old,pct_of_oi_swap_spread_other,pct_of_oi_tot_rept_long_all,pct_of_oi_tot_rept_long_old,pct_of_oi_tot_rept_long_other,pct_of_oi_tot_rept_short,pct_of_oi_tot_rept_short_1,pct_of_oi_tot_rept_short_2,pct_of_open_interest_all,pct_of_open_interest_old,pct_of_open_interest_other,prod_merc_positions_long,prod_merc_positions_long_1,prod_merc_positions_long_2,prod_merc_positions_short,prod_merc_positions_short_1,prod_merc_positions_short_2,report_date_as_yyyy_mm_dd,swap__positions_short_all,swap__positions_short_old,swap__positions_short_other,swap__positions_spread_all,swap__positions_spread_old,swap__positions_spread_other,swap_positions_long_all,swap_positions_long_old,swap_positions_long_other,tot_rept_positions_long_all,tot_rept_positions_long_old,tot_rept_positions_long_other,tot_rept_positions_short,tot_rept_positions_short_1,tot_rept_positions_short_2,traders_m_money_long_all,traders_m_money_long_old,traders_m_money_long_other,traders_m_money_short_all,traders_m_money_short_old,traders_m_money_short_other,traders_m_money_spread_all,traders_m_money_spread_old,traders_m_money_spread_other,traders_other_rept_long_all,traders_other_rept_long_old,traders_other_rept_long_other,traders_other_rept_short,traders_other_rept_short_1,traders_other_rept_short_2,traders_other_rept_spread,traders_other_rept_spread_1,traders_other_rept_spread_2,traders_prod_merc_long_all,traders_prod_merc_long_old,traders_prod_merc_long_other,traders_prod_merc_short_all,traders_prod_merc_short_old,traders_prod_merc_short_other,traders_swap_long_all,traders_swap_long_old,traders_swap_long_other,traders_swap_short_all,traders_swap_short_old,traders_swap_short_other,traders_swap_spread_all,traders_swap_spread_old,traders_swap_spread_other,traders_tot_all,traders_tot_old,traders_tot_other,traders_tot_rept_long_all,traders_tot_rept_long_old,traders_tot_rept_long_other,traders_tot_rept_short_all,traders_tot_rept_short_old,traders_tot_rept_short_other,yyyy_report_week_ww
067,067651,NYME,NYC,N10,-18151,-3049,-3459,6551,-5242,19605,7924,770,10582,14271,7571,-247,10298,2134,13054,24847,CRUDE OIL,NATURAL RESOURCES,CRUDE OIL,PETROLEUM AND PRODUCTS,19.1,19.1,0.0,21.5,21.5,0.0,30.9,30.9,0.0,33.6,33.6,0.0,13.1,13.1,0.0,16.2,16.2,0.0,19.8,19.8,0.0,23.5,23.5,0.0,WTI-PHYSICAL,"(CONTRACTS OF 1,000 BARRELS)",FutOnly,180102067651F,426682,426682,0,37546,37546,0,496578,496578,0,"CRUDE OIL, LIGHT SWEET - NEW YORK MERCANTILE EXCHANGE",108205,108205,0,84304,84304,0,2479798,2479798,0,335984,335984,0,100907,100907,0,346002,346002,0,17.2,17.2,0.0,1.5,1.5,0.0,20.0,20.0,0.0,4.4,4.4,0.0,3.4,3.4,0.0,13.5,13.5,0.0,4.1,4.1,0.0,14.0,14.0,0.0,16.9,16.9,0.0,20.1,20.1,0.0,7.1,7.1,0.0,30.2,30.2,0.0,6.8,6.8,0.0,95.6,95.6,0.0,96.6,96.6,0.0,100.0,100.0,100.0,419764,419764,0,497296,497296,0,2018-01-02T00:00:00.000,747754,747754,0,169411,169411,0,177172,177172,0,2371593,2371593,0,2395494,2395494,0,77,77,0,27,27,0,69,69,0,90,90,0,70,70,0,121,121,0,56,56,0,69,69,0,19,19,0,27,27,0,39,39,0,418,418,0,356,356,0,340,340,0,2018 Report Week 01
067,067651,NYME,NYC,N10,36580,-6934,7351,5958,13351,65515,2248,12385,13113,8732,-623,-524,34815,-7943,59557,52164,CRUDE OIL,NATURAL RESOURCES,CRUDE OIL,PETROLEUM AND PRODUCTS,19.5,19.5,0.0,22.2,22.2,0.0,31.4,31.4,0.0,34.9,34.9,0.0,13.0,13.0,0.0,16.5,16.5,0.0,19.7,19.7,0.0,24.1,24.1,0.0,WTI-PHYSICAL,"(CONTRACTS OF 1,000 BARRELS)",FutOnly,180109067651F,463262,463262,0,30612,30612,0,503929,503929,0,"CRUDE OIL, LIGHT SWEET - NEW YORK MERCANTILE EXCHANGE",114163,114163,0,97655,97655,0,2545313,2545313,0,338232,338232,0,113292,113292,0,359115,359115,0,18.2,18.2,0.0,1.2,1.2,0.0,19.8,19.8,0.0,4.5,4.5,0.0,3.8,3.8,0.0,13.3,13.3,0.0,4.5,4.5,0.0,14.1,14.1,0.0,16.8,16.8,0.0,19.5,19.5,0.0,6.9,6.9,0.0,30.7,30.7,0.0,6.3,6.3,0.0,95.5,95.5,0.0,96.2,96.2,0.0,100.0,100.0,100.0,428496,428496,0,496673,496673,0,2018-01-09T00:00:00.000,782569,782569,0,161468,161468,0,176648,176648,0,2431150,2431150,0,2447658,2447658,0,82,82,0,27,27,0,71,71,0,96,96,0,74,74,0,129,129,0,61,61,0,69,69,0,19,19,0,27,27,0,32,32,0,432,432,0,374,374,0,343,343,0,2018 Report Week 02
067,067651,NYME,NYC,N10,51380,201,37650,1400,-6019,66268,1216,2198,-13974,-20313,-9804,-414,46693,9323,64868,72287,CRUDE OIL,NATURAL RESOURCES,CRUDE OIL,PETROLEUM AND PRODUCTS,20.2,20.2,0.0,23.2,23.2,0.0,31.8,31.8,0.0,35.6,35.6,0.0,12.9,12.9,0.0,16.8,16.8,0.0,20.0,20.0,0.0,24.9,24.9,0.0,WTI-PHYSICAL,"(CONTRACTS OF 1,000 BARRELS)",FutOnly,180116067651F,514642,514642,0,30813,30813,0,541579,541579,0,"CRUDE OIL, LIGHT SWEET - NEW YORK MERCANTILE EXCHANGE",115563,115563,0,91636,91636,0,2611581,2611581,0,339448,339448,0,115490,115490,0,345141,345141,0,19.7,19.7,0.0,1.2,1.2,0.0,20.7,20.7,0.0,4.4,4.4,0.0,3.5,3.5,0.0,13.0,13.0,0.0,4.4,4.4,0.0,13.2,13.2,0.0,15.6,15.6,0.0,18.6,18.6,0.0,6.7,6.7,0.0,31.8,31.8,0.0,6.5,6.5,0.0,95.6,95.6,0.0,96.5,96.5,0.0,100.0,100.0,100.0,408183,408183,0,486869,486869,0,2018-01-16T00:00:00.000,829262,829262,0,170791,170791,0,176234,176234,0,2496018,2496018,0,2519945,2519945,0,85,85,0,25,25,0,71,71,0,89,89,0,77,77,0,122,122,0,62,62,0,72,72,0,20,20,0,27,27,0,36,36,0,424,424,0,367,367,0,343,343,0,2018 Report Week 03
067,067651,NYME,NYC,N10,245,5517,4740,-2179,-531,-18453,-2003,-16183,-1688,-12217,-15651,-3230,7464,-2121,-16274,-17922,CRUDE OIL,NATURAL RESOURCES,CRUDE OIL,PETROLEUM AND PRODUCTS,20.4,20.4,0.0,23.3,23.3,0.0,32.1,32.1,0.0,35.8,35.8,0.0,13.2,13.2,0.0,17.1,17.1,0.0,20.3,20.3,0.0,25.5,25.5,0.0,WTI-PHYSICAL,"(CONTRACTS OF 1,000 BARRELS)",FutOnly,180123067651F,514887,514887,0,36330,36330,0,546319,546319,0,"CRUDE OIL, LIGHT SWEET - NEW YORK MERCANTILE EXCHANGE",113384,113384,0,91105,91105,0,2593128,2593128,0,337445,337445,0,99307,99307,0,343453,343453,0,19.9,19.9,0.0,1.4,1.4,0.0,21.1,21.1,0.0,4.4,4.4,0.0,3.5,3.5,0.0,13.0,13.0,0.0,3.8,3.8,0.0,13.2,13.2,0.0,15.3,15.3,0.0,18.2,18.2,0.0,6.7,6.7,0.0,32.3,32.3,0.0,6.5,6.5,0.0,95.6,95.6,0.0,96.5,96.5,0.0,100.0,100.0,100.0,395966,395966,0,471218,471218,0,2018-01-23T00:00:00.000,836726,836726,0,168670,168670,0,173004,173004,0,2479744,2479744,0,2502023,2502023,0,89,89,0,26,26,0,70,70,0,98,98,0,74,74,0,121,121,0,62,62,0,76,76,0,18,18,0,27,27,0,34,34,0,437,437,0,375,375,0,343,343,0,2018 Report Week 04
067,067651,NYME,NYC,N10,4658,435,44736,244,-7716,50555,9043,-4597,2469,-6236,2745,-799,16043,-3560,50311,58271,CRUDE OIL,NATURAL RESOURCES,CRUDE OIL,PETROLEUM AND PRODUCTS,21.3,21.3,0.0,23.1,23.1,0.0,32.9,32.9,0.0,35.7,35.7,0.0,13.0,13.0,0.0,16.8,16.8,0.0,20.2,20.2,0.0,25.1,25.1,0.0,WTI-PHYSICAL,"(CONTRACTS OF 1,000 BARRELS)",FutOnly,180130067651F,519545,519545,0,36765,36765,0,591055,591055,0,"CRUDE OIL, LIGHT SWEET - NEW YORK MERCANTILE EXCHANGE",113628,113628,0,83389,83389,0,2643683,2643683,0,346488,346488,0,94710,94710,0,345922,345922,0,19.7,19.7,0.0,1.4,1.4,0.0,22.4,22.4,0.0,4.3,4.3,0.0,3.2,3.2,0.0,13.1,13.1,0.0,3.6,3.6,0.0,13.1,13.1,0.0,14.7,14.7,0.0,17.9,17.9,0.0,6.5,6.5,0.0,32.3,32.3,0.0,6.2,6.2,0.0,95.7,95.7,0.0,96.8,96.8,0.0,100.0,100.0,100.0,389730,389730,0,473963,473963,0,2018-01-30T00:00:00.000,852769,852769,0,165110,165110,0,172205,172205,0,2530055,2530055,0,2560294,2560294,0,90,90,0,25,25,0,70,70,0,101,101,0,67,67,0,128,128,0,58,58,0,73,73,0,20,20,0,29,29,0,38,38,0,436,436,0,374,374,0,349,349,0,2018 Report Week 05
067,067651,NYME,NYC,N10,-19404,-4407,-12656,-2545,5367,-54413,15473,-4063,-32464,6255,2680,-2815,-2613,-6257,-51868,-59780,CRUDE OIL,NATURAL RESOURCES,CRUDE OIL,PETROLEUM AND PRODUCTS,22.5,22.5,0.0,23.8,23.8,0.0,34.7,34.7,0.0,36.9,36.9,0.0,13.4,13.4,0.0,17.1,17.1,0.0,20.8,20.8,0.0,25.7,25.7,0.0,WTI-PHYSICAL,"(CONTRACTS OF 1,000 BARRELS)",FutOnly,180206067651F,500141,500141,0,32358,32358,0,578399,578399,0,"CRUDE OIL, LIGHT SWEET - NEW YORK MERCANTILE EXCHANGE",111083,111083,0,88756,88756,0,2589270,2589270,0,361961,361961,0,90647,90647,0,313458,313458,0,19.3,19.3,0.0,1.2,1.2,0.0,22.3,22.3,0.0,4.3,4.3,0.0,3.4,3.4,0.0,14.0,14.0,0.0,3.5,3.5,0.0,12.1,12.1,0.0,15.3,15.3,0.0,18.4,18.4,0.0,6.5,6.5,0.0,32.8,32.8,0.0,6.1,6.1,0.0,95.7,95.7,0.0,96.6,96.6,0.0,100.0,100.0,100.0,395985,395985,0,476643,476643,0,2018-02-06T00:00:00.000,850156,850156,0,158853,158853,0,169390,169390,0,2478187,2478187,0,2500514,2500514,0,87,87,0,23,23,0,72,72,0,97,97,0,61,61,0,124,124,0,59,59,0,70,70,0,17,17,0,30,30,0,36,36,0,411,411,0,365,365,0,332,332,0,2018 Report Week 06
067,067651,NYME,NYC,N10,-22471,-3088,5162,668,-657,-58666,-2175,5278,-7177,-22013,-27336,-7504,-27692,-3156,-59334,-58009,CRUDE OIL,NATURAL RESOURCES,CRUDE OIL,PETROLEUM AND PRODUCTS,23.2,23.2,0.0,24.1,24.1,0.0,35.8,35.8,0.0,37.6,37.6,0.0,13.7,13.7,0.0,17.2,17.2,0.0,21.2,21.2,0.0,25.5,25.5,0.0,WTI-PHYSICAL,"(CONTRACTS OF 1,000 BARRELS)",FutOnly,180213067651F,477670,477670,0,29270,29270,0,583561,583561,0,"CRUDE OIL, LIGHT SWEET - NEW YORK MERCANTILE EXCHANGE",111751,111751,0,88099,88099,0,2530604,2530604,0,359786,359786,0,95925,95925,0,306281,306281,0,18.9,18.9,0.0,1.2,1.2,0.0,23.1,23.1,0.0,4.4,4.4,0.0,3.5,3.5,0.0,14.2,14.2,0.0,3.8,3.8,0.0,12.1,12.1,0.0,14.8,14.8,0.0,17.8,17.8,0.0,6.4,6.4,0.0,32.5,32.5,0.0,6.2,6.2,0.0,95.6,95.6,0.0,96.5,96.5,0.0,100.0,100.0,100.0,373972,373972,0,449307,449307,0,2018-02-13T00:00:00.000,822464,822464,0,155697,155697,0,161886,161886,0,2418853,2418853,0,2442505,2442505,0,83,83,0,27,27,0,69,69,0,95,95,0,69,69,0,121,121,0,57,57,0,65,65,0,20,20,0,25,25,0,38,38,0,411,411,0,365,365,0,325,325,0,2018 Report Week 07
067,067651,NYME,NYC,N10,-17409,-6940,-31079,-11764,-14834,-98799,-15909,-3483,2031,-16990,-15341,-248,-21722,-7431,-87035,-83965,CRUDE OIL,NATURAL RESOURCES,CRUDE OIL,PETROLEUM AND PRODUCTS,22.9,22.9,0.0,23.9,23.9,0.0,35.8,35.8,0.0,38.0,38.0,0.0,14.1,14.1,0.0,17.9,17.9,0.0,21.5,21.5,0.0,26.2,26.2,0.0,WTI-PHYSICAL,"(CONTRACTS OF 1,000 BARRELS)",FutOnly,180220067651F,460261,460261,0,22330,22330,0,552482,552482,0,"CRUDE OIL, LIGHT SWEET - NEW YORK MERCANTILE EXCHANGE",99987,99987,0,73265,73265,0,2431805,2431805,0,343877,343877,0,92442,92442,0,308312,308312,0,18.9,18.9,0.0,0.9,0.9,0.0,22.7,22.7,0.0,4.1,4.1,0.0,3.0,3.0,0.0,14.1,14.1,0.0,3.8,3.8,0.0,12.7,12.7,0.0,14.7,14.7,0.0,17.8,17.8,0.0,6.6,6.6,0.0,32.9,32.9,0.0,6.1,6.1,0.0,95.9,95.9,0.0,97.0,97.0,0.0,100.0,100.0,100.0,356982,356982,0,433966,433966,0,2018-02-20T00:00:00.000,800742,800742,0,148266,148266,0,161638,161638,0,2331818,2331818,0,2358540,2358540,0,86,86,0,26,26,0,68,68,0,85,85,0,68,68,0,106,106,0,49,49,0,67,67,0,21,21,0,26,26,0,41,41,0,403,403,0,351,351,0,311,311,0,2018 Report Week 08
067,067651,NYME,NYC,N10,20613,-1793,-7524,1756,2593,28409,-1316,6352,11261,3858,20787,1930,-1098,-2169,26653,25816,CRUDE OIL,NATURAL RESOURCES,CRUDE OIL,PETROLEUM AND PRODUCTS,21.8,21.8,0.0,22.5,22.5,0.0,34.7,34.7,0.0,36.4,36.4,0.0,14.0,14.0,0.0,17.6,17.6,0.0,21.0,21.0,0.0,26.0,26.0,0.0,WTI-PHYSICAL,"(CONTRACTS OF 1,000 BARRELS)",FutOnly,180227067651F,480874,480874,0,20537,20537,0,544958,544958,0,"CRUDE OIL, LIGHT SWEET - NEW YORK MERCANTILE EXCHANGE",101743,101743,0,75858,75858,0,2460214,2460214,0,342561,342561,0,98794,98794,0,319573,319573,0,19.5,19.5,0.0,0.8,0.8,0.0,22.2,22.2,0.0,4.1,4.1,0.0,3.1,3.1,0.0,13.9,13.9,0.0,4.0,4.0,0.0,13.0,13.0,0.0,14.7,14.7,0.0,18.5,18.5,0.0,6.6,6.6,0.0,32.5,32.5,0.0,5.9,5.9,0.0,95.9,95.9,0.0,96.9,96.9,0.0,100.0,100.0,100.0,360840,360840,0,454753,454753,0,2018-02-27T00:00:00.000,799644,799644,0,146097,146097,0,163568,163568,0,2358471,2358471,0,2384356,2384356,0,87,87,0,24,24,0,69,69,0,77,77,0,70,70,0,110,110,0,51,51,0,68,68,0,23,23,0,27,27,0,43,43,0,406,406,0,352,352,0,321,321,0,2018 Report Week 09
067,067651,NYME,NYC,N10,-11052,8161,-7441,3602,1446,-8722,2608,992,-20748,17962,15988,-5804,-19271,12151,-12324,-10168,CRUDE OIL,NATURAL RESOURCES,CRUDE OIL,PETROLEUM AND PRODUCTS,21.4,21.4,0.0,22.4,22.4,0.0,34.1,34.1,0.0,36.1,36.1,0.0,13.8,13.8,0.0,17.5,17.5,0.0,21.3,21.3,0.0,25.6,25.6,0.0,WTI-PHYSICAL,"(CONTRACTS OF 1,000 BARRELS)",FutOnly,180306067651F,469822,469822,0,28698,28698,0,537517,537517,0,"CRUDE OIL, LIGHT SWEET - NEW YORK MERCANTILE EXCHANGE",105345,105345,0,77304,77304,0,2451492,2451492,0,345169,345169,0,99786,99786,0,298825,298825,0,19.2,19.2,0.0,1.2,1.2,0.0,21.9,21.9,0.0,4.3,4.3,0.0,3.2,3.2,0.0,14.1,14.1,0.0,4.1,4.1,0.0,12.2,12.2,0.0,15.5,15.5,0.0,19.2,19.2,0.0,6.4,6.4,0.0,31.8,31.8,0.0,6.5,6.5,0.0,95.7,95.7,0.0,96.8,96.8,0.0,100.0,100.0,100.0,378802,378802,0,470741,470741,0,2018-03-06T00:00:00.000,780373,780373,0,158248,158248,0,157764,157764,0,2346147,2346147,0,2374188,2374188,0,86,86,0,28,28,0,70,70,0,82,82,0,66,66,0,107,107,0,50,50,0,66,66,0,22,22,0,27,27,0,43,43,0,402,402,0,350,350,0,317,317,0,2018 Report Week 10
067,067651,NYME,NYC,N10,-14709,1408,-44163,2177,1387,-48330,-1025,832,-25352,31421,25229,-2506,-13498,5827,-50507,-49717,CRUDE OIL,NATURAL RESOURCES,CRUDE OIL,PETROLEUM AND PRODUCTS,20.9,20.9,0.0,21.8,21.8,0.0,33.9,33.9,0.0,35.6,35.6,0.0,14.0,14.0,0.0,17.6,17.6,0.0,21.3,21.3,0.0,25.9,25.9,0.0,WTI-PHYSICAL,"(CONTRACTS OF 1,000 BARRELS)",FutOnly,180313067651F,455113,455113,0,30106,30106,0,493354,493354,0,"CRUDE OIL, LIGHT SWEET - NEW YORK MERCANTILE EXCHANGE",107522,107522,0,78691,78691,0,2403162,2403162,0,344144,344144,0,100618,100618,0,273473,273473,0,18.9,18.9,0.0,1.3,1.3,0.0,20.5,20.5,0.0,4.5,4.5,0.0,3.3,3.3,0.0,14.3,14.3,0.0,4.2,4.2,0.0,11.4,11.4,0.0,17.1,17.1,0.0,20.6,20.6,0.0,6.5,6.5,0.0,31.9,31.9,0.0,6.8,6.8,0.0,95.5,95.5,0.0,96.7,96.7,0.0,100.0,100.0,100.0,410223,410223,0,495970,495970,0,2018-03-13T00:00:00.000,766875,766875,0,164075,164075,0,155258,155258,0,2295640,2295640,0,2324471,2324471,0,87,87,0,26,26,0,69,69,0,75,75,0,67,67,0,114,114,0,49,49,0,64,64,0,22,22,0,26,26,0,39,39,0,394,394,0,347,347,0,313,313,0,2018 Report Week 11
067,067651,NYME,NYC,N10,24685,-6536,656,2404,11067,-10771,-761,-4715,-19641,-8479,1784,4376,20625,-14011,-13175,-21838,CRUDE OIL,NATURAL RESOURCES,CRUDE OIL,PETROLEUM AND PRODUCTS,20.8,20.8,0.0,22.2,22.2,0.0,33.8,33.8,0.0,36.3,36.3,0.0,13.9,13.9,0.0,17.8,17.8,0.0,21.1,21.1,0.0,26.4,26.4,0.0,WTI-PHYSICAL,"(CONTRACTS OF 1,000 BARRELS)",FutOnly,180320067651F,479798,479798,0,23570,23570,0,494010,494010,0,"CRUDE OIL, LIGHT SWEET - NEW YORK MERCANTILE EXCHANGE",109926,109926,0,89758,89758,0,2392391,2392391,0,343383,343383,0,95903,95903,0,253832,253832,0,20.1,20.1,0.0,1.0,1.0,0.0,20.6,20.6,0.0,4.6,4.6,0.0,3.8,3.8,0.0,14.4,14.4,0.0,4.0,4.0,0.0,10.6,10.6,0.0,16.8,16.8,0.0,20.8,20.8,0.0,6.7,6.7,0.0,32.9,32.9,0.0,6.3,6.3,0.0,95.4,95.4,0.0,96.2,96.2,0.0,100.0,100.0,100.0,401744,401744,0,497754,497754,0,2018-03-20T00:00:00.000,787500,787500,0,150064,150064,0,159634,159634,0,2282465,2282465,0,2302633,2302633,0,91,91,0,18,18,0,68,68,0,77,77,0,63,63,0,108,108,0,50,50,0,71,71,0,22,22,0,29,29,0,40,40,0,397,397,0,345,345,0,313,313,0,2018 Report Week 12
067,067651,NYME,NYC,N10,13698,6502,40850,7724,5631,121184,17376,12510,4135,36780,27499,209,23645,412,113460,115553,CRUDE OIL,NATURAL RESOURCES,CRUDE OIL,PETROLEUM AND PRODUCTS,20.9,20.9,0.0,21.6,21.6,0.0,33.3,33.3,0.0,36.4,36.4,0.0,13.2,13.2,0.0,17.3,17.3,0.0,20.1,20.1,0.0,25.8,25.8,0.0,WTI-PHYSICAL,"(CONTRACTS OF 1,000 BARRELS)",FutOnly,180327067651F,493496,493496,0,30072,30072,0,534860,534860,0,"CRUDE OIL, LIGHT SWEET - NEW YORK MERCANTILE EXCHANGE",117650,117650,0,95389,95389,0,2513575,2513575,0,360759,360759,0,108413,108413,0,257967,257967,0,19.6,19.6,0.0,1.2,1.2,0.0,21.3,21.3,0.0,4.7,4.7,0.0,3.8,3.8,0.0,14.4,14.4,0.0,4.3,4.3,0.0,10.3,10.3,0.0,17.4,17.4,0.0,20.9,20.9,0.0,6.4,6.4,0.0,32.3,32.3,0.0,6.0,6.0,0.0,95.3,95.3,0.0,96.2,96.2,0.0,100.0,100.0,100.0,438524,438524,0,525253,525253,0,2018-03-27T00:00:00.000,811145,811145,0,150476,150476,0,159843,159843,0,2395925,2395925,0,2418186,2418186,0,94,94,0,19,19,0,71,71,0,79,79,0,66,66,0,113,113,0,53,53,0,74,74,0,21,21,0,29,29,0,38,38,0,413,413,0,354,354,0,329,329,0,2018 Report Week 13
067,067651,NYME,NYC,N10,-38640,3720,14577,-6941,-9699,33762,13672,-12463,15284,23147,23004,-1311,-14635,13974,40703,43461,CRUDE OIL,NATURAL RESOURCES,CRUDE OIL,PETROLEUM AND PRODUCTS,20.4,20.4,0.0,21.1,21.1,0.0,32.6,32.6,0.0,35.7,35.7,0.0,12.7,12.7,0.0,16.8,16.8,0.0,19.6,19.6,0.0,25.2,25.2,0.0,WTI-PHYSICAL,"(CONTRACTS OF 1,000 BARRELS)",FutOnly,180403067651F,454856,454856,0,33792,33792,0,549437,549437,0,"CRUDE OIL, LIGHT SWEET - NEW YORK MERCANTILE EXCHANGE",110709,110709,0,85690,85690,0,2547337,2547337,0,374431,374431,0,95950,95950,0,273251,273251,0,17.9,17.9,0.0,1.3,1.3,0.0,21.6,21.6,0.0,4.3,4.3,0.0,3.4,3.4,0.0,14.7,14.7,0.0,3.8,3.8,0.0,10.7,10.7,0.0,18.1,18.1,0.0,21.5,21.5,0.0,6.2,6.2,0.0,31.3,31.3,0.0,6.5,6.5,0.0,95.7,95.7,0.0,96.6,96.6,0.0,100.0,100.0,100.0,461671,461671,0,548257,548257,0,2018-04-03T00:00:00.000,796510,796510,0,164450,164450,0,158532,158532,0,2436628,2436628,0,2461647,2461647,0,87,87,0,22,22,0,73,73,0,87,87,0,60,60,0,119,119,0,54,54,0,72,72,0,19,19,0,30,30,0,37,37,0,409,409,0,357,357,0,330,330,0,2018 Report Week 14
067,067651,NYME,NYC,N10,-4277,-15,-59828,-2699,1724,-67304,11343,-454,36416,-32320,-17871,6099,-5238,-22038,-64605,-69028,CRUDE OIL,NATURAL RESOURCES,CRUDE OIL,PETROLEUM AND PRODUCTS,20.2,20.2,0.0,20.7,20.7,0.0,32.7,32.7,0.0,35.8,35.8,0.0,13.0,13.0,0.0,17.2,17.2,0.0,20.2,20.2,0.0,26.0,26.0,0.0,WTI-PHYSICAL,"(CONTRACTS OF 1,000 BARRELS)",FutOnly,180410067651F,450579,450579,0,33777,33777,0,489609,489609,0,"CRUDE OIL, LIGHT SWEET - NEW YORK MERCANTILE EXCHANGE",108010,108010,0,87414,87414,0,2480033,2480033,0,385774,385774,0,95496,95496,0,309667,309667,0,18.2,18.2,0.0,1.4,1.4,0.0,19.7,19.7,0.0,4.4,4.4,0.0,3.5,3.5,0.0,15.6,15.6,0.0,3.9,3.9,0.0,12.5,12.5,0.0,17.3,17.3,0.0,21.4,21.4,0.0,6.6,6.6,0.0,31.9,31.9,0.0,5.7,5.7,0.0,95.6,95.6,0.0,96.5,96.5,0.0,100.0,100.0,100.0,429351,429351,0,530386,530386,0,2018-04-10T00:00:00.000,791272,791272,0,142412,142412,0,164631,164631,0,2372023,2372023,0,2392619,2392619,0,95,95,0,20,20,0,76,76,0,92,92,0,56,56,0,127,127,0,57,57,0,77,77,0,19,19,0,28,28,0,40,40,0,430,430,0,377,377,0,348,348,0,2018 Report Week 15
067,067651,NYME,NYC,N10,10199,-4556,49659,-1544,3190,116545,3441,-2855,28727,21531,21798,-2192,13858,6724,118089,113355,CRUDE OIL,NATURAL RESOURCES,CRUDE OIL,PETROLEUM AND PRODUCTS,20.1,20.1,0.0,20.6,20.6,0.0,31.3,31.3,0.0,35.2,35.2,0.0,12.2,12.2,0.0,16.7,16.7,0.0,19.4,19.4,0.0,25.3,25.3,0.0,WTI-PHYSICAL,"(CONTRACTS OF 1,000 BARRELS)",FutOnly,180417067651F,460778,460778,0,29221,29221,0,539268,539268,0,"CRUDE OIL, LIGHT SWEET - NEW YORK MERCANTILE EXCHANGE",106466,106466,0,90604,90604,0,2596578,2596578,0,389215,389215,0,92641,92641,0,338394,338394,0,17.7,17.7,0.0,1.1,1.1,0.0,20.8,20.8,0.0,4.1,4.1,0.0,3.5,3.5,0.0,15.0,15.0,0.0,3.6,3.6,0.0,13.0,13.0,0.0,17.4,17.4,0.0,21.3,21.3,0.0,6.3,6.3,0.0,31.0,31.0,0.0,5.7,5.7,0.0,95.9,95.9,0.0,96.5,96.5,0.0,100.0,100.0,100.0,450882,450882,0,552184,552184,0,2018-04-17T00:00:00.000,805130,805130,0,149136,149136,0,162439,162439,0,2490112,2490112,0,2505974,2505974,0,91,91,0,22,22,0,71,71,0,88,88,0,61,61,0,124,124,0,55,55,0,76,76,0,23,23,0,27,27,0,43,43,0,425,425,0,369,369,0,345,345,0,2018 Report Week 16
067,067651,NYME,NYC,N10,-5144,1817,-8818,3046,-7012,-21758,-5951,2796,-3160,3712,-16415,19426,33903,-24869,-24804,-14746,CRUDE OIL,NATURAL RESOURCES,CRUDE OIL,PETROLEUM AND PRODUCTS,19.8,19.8,0.0,20.8,20.8,0.0,31.1,31.1,0.0,35.9,35.9,0.0,12.1,12.1,0.0,17.1,17.1,0.0,19.5,19.5,0.0,25.9,25.9,0.0,WTI-PHYSICAL,"(CONTRACTS OF 1,000 BARRELS)",FutOnly,180424067651F,455634,455634,0,31038,31038,0,530450,530450,0,"CRUDE OIL, LIGHT SWEET - NEW YORK MERCANTILE EXCHANGE",109512,109512,0,83592,83592,0,2574820,2574820,0,383264,383264,0,95437,95437,0,335234,335234,0,17.7,17.7,0.0,1.2,1.2,0.0,20.6,20.6,0.0,4.3,4.3,0.0,3.2,3.2,0.0,14.9,14.9,0.0,3.7,3.7,0.0,13.0,13.0,0.0,17.7,17.7,0.0,20.8,20.8,0.0,7.1,7.1,0.0,32.6,32.6,0.0,4.8,4.8,0.0,95.7,95.7,0.0,96.8,96.8,0.0,100.0,100.0,100.0,454594,454594,0,535769,535769,0,2018-04-24T00:00:00.000,839033,839033,0,124267,124267,0,181865,181865,0,2465308,2465308,0,2491228,2491228,0,98,98,0,27,27,0,77,77,0,98,98,0,57,57,0,122,122,0,56,56,0,76,76,0,22,22,0,27,27,0,39,39,0,443,443,0,379,379,0,354,354,0,2018 Report Week 17
067,067651,NYME,NYC,N10,-15458,3037,34301,3593,334,46948,-8264,-5063,-20894,40811,34024,6556,-5094,6303,43355,46614,CRUDE OIL,NATURAL RESOURCES,CRUDE OIL,PETROLEUM AND PRODUCTS,19.4,19.4,0.0,20.6,20.6,0.0,30.3,30.3,0.0,35.7,35.7,0.0,11.5,11.5,0.0,16.6,16.6,0.0,18.7,18.7,0.0,25.3,25.3,0.0,WTI-PHYSICAL,"(CONTRACTS OF 1,000 BARRELS)",FutOnly,180501067651F,440176,440176,0,34075,34075,0,564751,564751,0,"CRUDE OIL, LIGHT SWEET - NEW YORK MERCANTILE EXCHANGE",113105,113105,0,83926,83926,0,2621768,2621768,0,375000,375000,0,90374,90374,0,314340,314340,0,16.8,16.8,0.0,1.3,1.3,0.0,21.5,21.5,0.0,4.3,4.3,0.0,3.2,3.2,0.0,14.3,14.3,0.0,3.4,3.4,0.0,12.0,12.0,0.0,18.9,18.9,0.0,21.7,21.7,0.0,7.2,7.2,0.0,31.8,31.8,0.0,5.0,5.0,0.0,95.7,95.7,0.0,96.8,96.8,0.0,100.0,100.0,100.0,495405,495405,0,569793,569793,0,2018-05-01T00:00:00.000,833939,833939,0,130570,130570,0,188421,188421,0,2508663,2508663,0,2537842,2537842,0,98,98,0,25,25,0,81,81,0,97,97,0,49,49,0,111,111,0,56,56,0,76,76,0,24,24,0,24,24,0,39,39,0,423,423,0,365,365,0,340,340,0,2018 Report Week 18
067,067651,NYME,NYC,N10,-11618,-8638,-19719,-2314,8453,36461,1248,9067,26780,25445,11723,7516,-328,9123,38775,28008,CRUDE OIL,NATURAL RESOURCES,CRUDE OIL,PETROLEUM AND PRODUCTS,18.6,18.6,0.0,20.2,20.2,0.0,29.6,29.6,0.0,34.7,34.7,0.0,11.3,11.3,0.0,16.4,16.4,0.0,18.0,18.0,0.0,24.9,24.9,0.0,WTI-PHYSICAL,"(CONTRACTS OF 1,000 BARRELS)",FutOnly,180508067651F,428558,428558,0,25437,25437,0,545032,545032,0,"CRUDE OIL, LIGHT SWEET - NEW YORK MERCANTILE EXCHANGE",110791,110791,0,92379,92379,0,2658229,2658229,0,376248,376248,0,99441,99441,0,341120,341120,0,16.1,16.1,0.0,1.0,1.0,0.0,20.5,20.5,0.0,4.2,4.2,0.0,3.5,3.5,0.0,14.2,14.2,0.0,3.7,3.7,0.0,12.8,12.8,0.0,19.6,19.6,0.0,21.9,21.9,0.0,7.4,7.4,0.0,31.4,31.4,0.0,5.3,5.3,0.0,95.8,95.8,0.0,96.5,96.5,0.0,100.0,100.0,100.0,520850,520850,0,581516,581516,0,2018-05-08T00:00:00.000,833611,833611,0,139693,139693,0,195937,195937,0,2547438,2547438,0,2565850,2565850,0,94,94,0,27,27,0,84,84,0,95,95,0,55,55,0,118,118,0,59,59,0,74,74,0,24,24,0,24,24,0,38,38,0,427,427,0,378,378,0,343,343,0,2018 Report Week 19
067,067651,NYME,NYC,N10,-22419,3246,21864,7205,-4314,48225,-9876,-57,24985,-629,-31212,4168,10786,22927,41020,52539,CRUDE OIL,NATURAL RESOURCES,CRUDE OIL,PETROLEUM AND PRODUCTS,18.5,18.5,0.0,20.6,20.6,0.0,29.7,29.7,0.0,34.8,34.8,0.0,11.0,11.0,0.0,16.3,16.3,0.0,17.5,17.5,0.0,24.3,24.3,0.0,WTI-PHYSICAL,"(CONTRACTS OF 1,000 BARRELS)",FutOnly,180515067651F,406139,406139,0,28683,28683,0,566896,566896,0,"CRUDE OIL, LIGHT SWEET - NEW YORK MERCANTILE EXCHANGE",117996,117996,0,88065,88065,0,2706454,2706454,0,366372,366372,0,99384,99384,0,366105,366105,0,15.0,15.0,0.0,1.1,1.1,0.0,20.9,20.9,0.0,4.4,4.4,0.0,3.3,3.3,0.0,13.5,13.5,0.0,3.7,3.7,0.0,13.5,13.5,0.0,19.2,19.2,0.0,20.3,20.3,0.0,7.4,7.4,0.0,31.2,31.2,0.0,6.0,6.0,0.0,95.6,95.6,0.0,96.7,96.7,0.0,100.0,100.0,100.0,520221,520221,0,550304,550304,0,2018-05-15T00:00:00.000,844397,844397,0,162620,162620,0,200105,200105,0,2588458,2588458,0,2618389,2618389,0,102,102,0,24,24,0,81,81,0,98,98,0,63,63,0,129,129,0,61,61,0,76,76,0,25,25,0,23,23,0,42,42,0,450,450,0,394,394,0,363,363,0,2018 Report Week 20
067,067651,NYME,NYC,N10,-20265,2910,4397,6352,4167,-63100,-1926,-14043,-11939,-28189,-43632,-2646,3924,-8884,-69452,-67267,CRUDE OIL,NATURAL RESOURCES,CRUDE OIL,PETROLEUM AND PRODUCTS,18.7,18.7,0.0,20.8,20.8,0.0,30.4,30.4,0.0,35.4,35.4,0.0,11.2,11.2,0.0,16.7,16.7,0.0,17.4,17.4,0.0,24.5,24.5,0.0,WTI-PHYSICAL,"(CONTRACTS OF 1,000 BARRELS)",FutOnly,180522067651F,385874,385874,0,31593,31593,0,571293,571293,0,"CRUDE OIL, LIGHT SWEET - NEW YORK MERCANTILE EXCHANGE",124348,124348,0,92232,92232,0,2643354,2643354,0,364446,364446,0,85341,85341,0,354166,354166,0,14.6,14.6,0.0,1.2,1.2,0.0,21.6,21.6,0.0,4.7,4.7,0.0,3.5,3.5,0.0,13.8,13.8,0.0,3.2,3.2,0.0,13.4,13.4,0.0,18.6,18.6,0.0,19.2,19.2,0.0,7.5,7.5,0.0,32.1,32.1,0.0,5.8,5.8,0.0,95.3,95.3,0.0,96.5,96.5,0.0,100.0,100.0,100.0,492032,492032,0,506672,506672,0,2018-05-22T00:00:00.000,848321,848321,0,153736,153736,0,197459,197459,0,2519006,2519006,0,2551122,2551122,0,90,90,0,25,25,0,77,77,0,104,104,0,52,52,0,128,128,0,59,59,0,73,73,0,24,24,0,24,24,0,36,36,0,433,433,0,379,379,0,348,348,0,2018 Report Week 21
067,067651,NYME,NYC,N10,-34798,18496,1447,5925,-6760,-22428,14177,-13559,-1174,-8731,-16273,-1507,-6838,2233,-28353,-15668,CRUDE OIL,NATURAL RESOURCES,CRUDE OIL,PETROLEUM AND PRODUCTS,18.7,18.7,0.0,20.6,20.6,0.0,29.7,29.7,0.0,35.2,35.2,0.0,11.2,11.2,0.0,16.6,16.6,0.0,17.4,17.4,0.0,24.4,24.4,0.0,WTI-PHYSICAL,"(CONTRACTS OF 1,000 BARRELS)",FutOnly,180529067651F,351076,351076,0,50089,50089,0,572740,572740,0,"CRUDE OIL, LIGHT SWEET - NEW YORK MERCANTILE EXCHANGE",130273,130273,0,85472,85472,0,2620926,2620926,0,378623,378623,0,71782,71782,0,352992,352992,0,13.4,13.4,0.0,1.9,1.9,0.0,21.9,21.9,0.0,5.0,5.0,0.0,3.3,3.3,0.0,14.4,14.4,0.0,2.7,2.7,0.0,13.5,13.5,0.0,18.4,18.4,0.0,18.7,18.7,0.0,7.5,7.5,0.0,32.1,32.1,0.0,6.0,6.0,0.0,95.0,95.0,0.0,96.7,96.7,0.0,100.0,100.0,100.0,483301,483301,0,490399,490399,0,2018-05-29T00:00:00.000,841483,841483,0,155969,155969,0,195952,195952,0,2490653,2490653,0,2535454,2535454,0,79,79,0,27,27,0,80,80,0,106,106,0,47,47,0,125,125,0,60,60,0,72,72,0,27,27,0,21,21,0,39,39,0,419,419,0,375,375,0,341,341,0,2018 Report Week 22
067,067651,NYME,NYC,N10,-9432,5379,-23338,-2799,-7708,-74099,-10903,-1462,-21819,-23678,-5055,4407,-33559,13463,-71300,-66391,CRUDE OIL,NATURAL RESOURCES,CRUDE OIL,PETROLEUM AND PRODUCTS,18.8,18.8,0.0,20.5,20.5,0.0,29.5,29.5,0.0,35.3,35.3,0.0,11.1,11.1,0.0,16.7,16.7,0.0,17.7,17.7,0.0,24.4,24.4,0.0,WTI-PHYSICAL,"(CONTRACTS OF 1,000 BARRELS)",FutOnly,180605067651F,341644,341644,0,55468,55468,0,549402,549402,0,"CRUDE OIL, LIGHT SWEET - NEW YORK MERCANTILE EXCHANGE",127474,127474,0,77764,77764,0,2546827,2546827,0,367720,367720,0,70320,70320,0,331173,331173,0,13.4,13.4,0.0,2.2,2.2,0.0,21.6,21.6,0.0,5.0,5.0,0.0,3.1,3.1,0.0,14.4,14.4,0.0,2.8,2.8,0.0,13.0,13.0,0.0,18.0,18.0,0.0,19.1,19.1,0.0,7.9,7.9,0.0,31.7,31.7,0.0,6.7,6.7,0.0,95.0,95.0,0.0,96.9,96.9,0.0,100.0,100.0,100.0,459623,459623,0,485344,485344,0,2018-06-05T00:00:00.000,807924,807924,0,169432,169432,0,200359,200359,0,2419353,2419353,0,2469063,2469063,0,77,77,0,25,25,0,75,75,0,113,113,0,42,42,0,129,129,0,62,62,0,70,70,0,29,29,0,21,21,0,40,40,0,419,419,0,380,380,0,338,338,0,2018 Report Week 23
067,067651,NYME,NYC,N10,9975,5684,-11247,-1706,2549,-22388,1003,-6423,-10734,5705,24439,-3460,-14732,-11924,-20682,-24937,CRUDE OIL,NATURAL RESOURCES,CRUDE OIL,PETROLEUM AND PRODUCTS,19.2,19.2,0.0,20.8,20.8,0.0,29.7,29.7,0.0,35.6,35.6,0.0,11.1,11.1,0.0,16.5,16.5,0.0,17.5,17.5,0.0,24.7,24.7,0.0,WTI-PHYSICAL,"(CONTRACTS OF 1,000 BARRELS)",FutOnly,180612067651F,351619,351619,0,61152,61152,0,538155,538155,0,"CRUDE OIL, LIGHT SWEET - NEW YORK MERCANTILE EXCHANGE",125768,125768,0,80313,80313,0,2524439,2524439,0,368723,368723,0,63897,63897,0,320439,320439,0,13.9,13.9,0.0,2.4,2.4,0.0,21.3,21.3,0.0,5.0,5.0,0.0,3.2,3.2,0.0,14.6,14.6,0.0,2.5,2.5,0.0,12.7,12.7,0.0,18.4,18.4,0.0,20.2,20.2,0.0,7.8,7.8,0.0,31.4,31.4,0.0,6.2,6.2,0.0,95.0,95.0,0.0,96.8,96.8,0.0,100.0,100.0,100.0,465328,465328,0,509783,509783,0,2018-06-12T00:00:00.000,793192,793192,0,157508,157508,0,196899,196899,0,2398671,2398671,0,2444126,2444126,0,75,75,0,32,32,0,80,80,0,111,111,0,43,43,0,124,124,0,65,65,0,72,72,0,27,27,0,21,21,0,39,39,0,418,418,0,380,380,0,339,339,0,2018 Report Week 24
067,067651,NYME,NYC,N10,-1812,-7208,3456,-11872,-5543,-66035,-24109,-4367,-1753,-37951,-44267,-12882,-27241,20888,-54163,-60492,CRUDE OIL,NATURAL RESOURCES,CRUDE OIL,PETROLEUM AND PRODUCTS,19.7,19.7,0.0,20.7,20.7,0.0,30.9,30.9,0.0,34.8,34.8,0.0,11.1,11.1,0.0,15.9,15.9,0.0,17.6,17.6,0.0,23.8,23.8,0.0,WTI-PHYSICAL,"(CONTRACTS OF 1,000 BARRELS)",FutOnly,180619067651F,349807,349807,0,53944,53944,0,541611,541611,0,"CRUDE OIL, LIGHT SWEET - NEW YORK MERCANTILE EXCHANGE",113896,113896,0,74770,74770,0,2458404,2458404,0,344614,344614,0,59530,59530,0,318686,318686,0,14.2,14.2,0.0,2.2,2.2,0.0,22.0,22.0,0.0,4.6,4.6,0.0,3.0,3.0,0.0,14.0,14.0,0.0,2.4,2.4,0.0,13.0,13.0,0.0,17.4,17.4,0.0,18.9,18.9,0.0,7.5,7.5,0.0,31.2,31.2,0.0,7.3,7.3,0.0,95.4,95.4,0.0,97.0,97.0,0.0,100.0,100.0,100.0,427377,427377,0,465516,465516,0,2018-06-19T00:00:00.000,765951,765951,0,178396,178396,0,184017,184017,0,2344508,2344508,0,2383634,2383634,0,79,79,0,28,28,0,77,77,0,101,101,0,37,37,0,122,122,0,59,59,0,67,67,0,25,25,0,25,25,0,38,38,0,399,399,0,366,366,0,324,324,0,2018 Report Week 25
067,067651,NYME,NYC,N10,48223,-34785,20315,891,9650,-34575,-23343,15521,-50550,-31568,-4239,-2592,5464,4049,-35466,-44225,CRUDE OIL,NATURAL RESOURCES,CRUDE OIL,PETROLEUM AND PRODUCTS,22.3,22.3,0.0,21.6,21.6,0.0,33.5,33.5,0.0,37.7,37.7,0.0,11.3,11.3,0.0,16.2,16.2,0.0,18.7,18.7,0.0,24.5,24.5,0.0,WTI-PHYSICAL,"(CONTRACTS OF 1,000 BARRELS)",FutOnly,180626067651F,398030,398030,0,19159,19159,0,561926,561926,0,"CRUDE OIL, LIGHT SWEET - NEW YORK MERCANTILE EXCHANGE",114787,114787,0,84420,84420,0,2423829,2423829,0,321271,321271,0,75051,75051,0,268136,268136,0,16.4,16.4,0.0,0.8,0.8,0.0,23.2,23.2,0.0,4.7,4.7,0.0,3.5,3.5,0.0,13.3,13.3,0.0,3.1,3.1,0.0,11.1,11.1,0.0,16.3,16.3,0.0,19.0,19.0,0.0,7.5,7.5,0.0,31.8,31.8,0.0,7.5,7.5,0.0,95.3,95.3,0.0,96.5,96.5,0.0,100.0,100.0,100.0,395809,395809,0,461277,461277,0,2018-06-26T00:00:00.000,771415,771415,0,182445,182445,0,181425,181425,0,2309042,2309042,0,2339409,2339409,0,93,93,0,20,20,0,75,75,0,90,90,0,50,50,0,104,104,0,58,58,0,69,69,0,25,25,0,26,26,0,40,40,0,395,395,0,354,354,0,312,312,0,2018 Report Week 26
067,067651,NYME,NYC,N10,47854,-4103,35992,-3778,-617,42702,-4417,15911,-14760,-4605,11447,-3808,8608,-9776,46480,43319,CRUDE OIL,NATURAL RESOURCES,CRUDE OIL,PETROLEUM AND PRODUCTS,23.3,23.3,0.0,22.7,22.7,0.0,34.5,34.5,0.0,38.6,38.6,0.0,11.1,11.1,0.0,15.9,15.9,0.0,18.2,18.2,0.0,24.3,24.3,0.0,WTI-PHYSICAL,"(CONTRACTS OF 1,000 BARRELS)",FutOnly,180703067651F,445884,445884,0,15056,15056,0,597918,597918,0,"CRUDE OIL, LIGHT SWEET - NEW YORK MERCANTILE EXCHANGE",111009,111009,0,83803,83803,0,2466531,2466531,0,316854,316854,0,90962,90962,0,253376,253376,0,18.1,18.1,0.0,0.6,0.6,0.0,24.2,24.2,0.0,4.5,4.5,0.0,3.4,3.4,0.0,12.8,12.8,0.0,3.7,3.7,0.0,10.3,10.3,0.0,15.9,15.9,0.0,19.2,19.2,0.0,7.2,7.2,0.0,31.6,31.6,0.0,7.0,7.0,0.0,95.5,95.5,0.0,96.6,96.6,0.0,100.0,100.0,100.0,391204,391204,0,472724,472724,0,2018-07-03T00:00:00.000,780023,780023,0,172669,172669,0,177617,177617,0,2355522,2355522,0,2382728,2382728,0,98,98,0,16,16,0,75,75,0,90,90,0,54,54,0,102,102,0,63,63,0,71,71,0,23,23,0,26,26,0,39,39,0,401,401,0,360,360,0,313,313,0,2018 Report Week 27
067,067651,NYME,NYC,N10,1185,2297,16525,1372,-4038,32641,-8652,-7509,4085,26515,27547,-1977,146,-6412,31269,36679,CRUDE OIL,NATURAL RESOURCES,CRUDE OIL,PETROLEUM AND PRODUCTS,22.8,22.8,0.0,22.6,22.6,0.0,34.1,34.1,0.0,39.1,39.1,0.0,11.4,11.4,0.0,15.5,15.5,0.0,18.3,18.3,0.0,24.0,24.0,0.0,WTI-PHYSICAL,"(CONTRACTS OF 1,000 BARRELS)",FutOnly,180710067651F,447069,447069,0,17353,17353,0,614443,614443,0,"CRUDE OIL, LIGHT SWEET - NEW YORK MERCANTILE EXCHANGE",112381,112381,0,79765,79765,0,2499172,2499172,0,308202,308202,0,83453,83453,0,257461,257461,0,17.9,17.9,0.0,0.7,0.7,0.0,24.6,24.6,0.0,4.5,4.5,0.0,3.2,3.2,0.0,12.3,12.3,0.0,3.3,3.3,0.0,10.3,10.3,0.0,16.7,16.7,0.0,20.0,20.0,0.0,7.0,7.0,0.0,31.2,31.2,0.0,6.7,6.7,0.0,95.5,95.5,0.0,96.8,96.8,0.0,100.0,100.0,100.0,417719,417719,0,500271,500271,0,2018-07-10T00:00:00.000,780169,780169,0,166257,166257,0,175640,175640,0,2386791,2386791,0,2419407,2419407,0,95,95,0,16,16,0,74,74,0,87,87,0,51,51,0,101,101,0,65,65,0,72,72,0,22,22,0,27,27,0,37,37,0,395,395,0,360,360,0,307,307,0,2018 Report Week 28
067,067651,NYME,NYC,N10,-42175,-3221,864,-2692,-10005,-58686,-2625,-18408,-6866,6439,-3487,-8599,-14531,-3032,-55994,-48681,CRUDE OIL,NATURAL RESOURCES,CRUDE OIL,PETROLEUM AND PRODUCTS,24.1,24.1,0.0,23.7,23.7,0.0,35.3,35.3,0.0,39.9,39.9,0.0,11.6,11.6,0.0,15.3,15.3,0.0,18.4,18.4,0.0,24.1,24.1,0.0,WTI-PHYSICAL,"(CONTRACTS OF 1,000 BARRELS)",FutOnly,180717067651F,404894,404894,0,14132,14132,0,615307,615307,0,"CRUDE OIL, LIGHT SWEET - NEW YORK MERCANTILE EXCHANGE",109689,109689,0,69760,69760,0,2440486,2440486,0,305577,305577,0,65045,65045,0,250595,250595,0,16.6,16.6,0.0,0.6,0.6,0.0,25.2,25.2,0.0,4.5,4.5,0.0,2.9,2.9,0.0,12.5,12.5,0.0,2.7,2.7,0.0,10.3,10.3,0.0,17.4,17.4,0.0,20.4,20.4,0.0,6.8,6.8,0.0,31.4,31.4,0.0,6.7,6.7,0.0,95.5,95.5,0.0,97.1,97.1,0.0,100.0,100.0,100.0,424158,424158,0,496784,496784,0,2018-07-17T00:00:00.000,765638,765638,0,163225,163225,0,167041,167041,0,2330797,2330797,0,2370726,2370726,0,88,88,0,20,20,0,77,77,0,84,84,0,44,44,0,96,96,0,63,63,0,70,70,0,24,24,0,25,25,0,37,37,0,380,380,0,346,346,0,300,300,0,2018 Report Week 29
067,067651,NYME,NYC,N10,-5360,1757,-26091,-3363,-4619,-79424,-16935,-3229,-7562,-23271,-34829,-1140,-9149,4298,-76061,-74805,CRUDE OIL,NATURAL RESOURCES,CRUDE OIL,PETROLEUM AND PRODUCTS,24.0,24.0,0.0,23.5,23.5,0.0,35.7,35.7,0.0,39.9,39.9,0.0,12.1,12.1,0.0,15.6,15.6,0.0,19.0,19.0,0.0,24.8,24.8,0.0,WTI-PHYSICAL,"(CONTRACTS OF 1,000 BARRELS)",FutOnly,180724067651F,399534,399534,0,15889,15889,0,589216,589216,0,"CRUDE OIL, LIGHT SWEET - NEW YORK MERCANTILE EXCHANGE",106326,106326,0,65141,65141,0,2361062,2361062,0,288642,288642,0,61816,61816,0,243033,243033,0,16.9,16.9,0.0,0.7,0.7,0.0,25.0,25.0,0.0,4.5,4.5,0.0,2.8,2.8,0.0,12.2,12.2,0.0,2.6,2.6,0.0,10.3,10.3,0.0,17.0,17.0,0.0,19.6,19.6,0.0,7.0,7.0,0.0,32.0,32.0,0.0,7.1,7.1,0.0,95.5,95.5,0.0,97.2,97.2,0.0,100.0,100.0,100.0,400887,400887,0,461955,461955,0,2018-07-24T00:00:00.000,756489,756489,0,167523,167523,0,165901,165901,0,2254736,2254736,0,2295921,2295921,0,91,91,0,22,22,0,75,75,0,81,81,0,44,44,0,95,95,0,56,56,0,67,67,0,21,21,0,27,27,0,38,38,0,381,381,0,339,339,0,299,299,0,2018 Report Week 30
067,067651,NYME,NYC,N10,2962,2162,-13491,-4042,-1054,-11893,7581,5452,211,3253,1494,-2217,-517,-6150,-7851,-10839,CRUDE OIL,NATURAL RESOURCES,CRUDE OIL,PETROLEUM AND PRODUCTS,23.4,23.4,0.0,22.6,22.6,0.0,35.0,35.0,0.0,38.5,38.5,0.0,12.3,12.3,0.0,15.7,15.7,0.0,19.1,19.1,0.0,24.9,24.9,0.0,WTI-PHYSICAL,"(CONTRACTS OF 1,000 BARRELS)",FutOnly,180731067651F,402496,402496,0,18051,18051,0,575725,575725,0,"CRUDE OIL, LIGHT SWEET - NEW YORK MERCANTILE EXCHANGE",102284,102284,0,64087,64087,0,2349169,2349169,0,296223,296223,0,67268,67268,0,243244,243244,0,17.1,17.1,0.0,0.8,0.8,0.0,24.5,24.5,0.0,4.4,4.4,0.0,2.7,2.7,0.0,12.6,12.6,0.0,2.9,2.9,0.0,10.4,10.4,0.0,17.2,17.2,0.0,19.7,19.7,0.0,7.0,7.0,0.0,32.2,32.2,0.0,6.9,6.9,0.0,95.6,95.6,0.0,97.3,97.3,0.0,100.0,100.0,100.0,404140,404140,0,463449,463449,0,2018-07-31T00:00:00.000,755972,755972,0,161373,161373,0,163684,163684,0,2246885,2246885,0,2285082,2285082,0,93,93,0,19,19,0,70,70,0,85,85,0,42,42,0,100,100,0,59,59,0,68,68,0,23,23,0,26,26,0,36,36,0,388,388,0,347,347,0,296,296,0,2018 Report Week 31
067,067651,NYME,NYC,N10,-6387,-1187,4462,8141,2917,-6594,-624,-1351,-9672,4448,8697,-1416,-4914,-5546,-14735,-9511,CRUDE OIL,NATURAL RESOURCES,CRUDE OIL,PETROLEUM AND PRODUCTS,23.4,23.4,0.0,22.3,22.3,0.0,35.4,35.4,0.0,38.2,38.2,0.0,12.6,12.6,0.0,15.7,15.7,0.0,19.4,19.4,0.0,24.7,24.7,0.0,WTI-PHYSICAL,"(CONTRACTS OF 1,000 BARRELS)",FutOnly,180807067651F,396109,396109,0,16864,16864,0,580187,580187,0,"CRUDE OIL, LIGHT SWEET - NEW YORK MERCANTILE EXCHANGE",110425,110425,0,67004,67004,0,2342575,2342575,0,295599,295599,0,65917,65917,0,233572,233572,0,16.9,16.9,0.0,0.7,0.7,0.0,24.8,24.8,0.0,4.7,4.7,0.0,2.9,2.9,0.0,12.6,12.6,0.0,2.8,2.8,0.0,10.0,10.0,0.0,17.4,17.4,0.0,20.2,20.2,0.0,6.9,6.9,0.0,32.1,32.1,0.0,6.7,6.7,0.0,95.3,95.3,0.0,97.1,97.1,0.0,100.0,100.0,100.0,408588,408588,0,472146,472146,0,2018-08-07T00:00:00.000,751058,751058,0,155827,155827,0,162268,162268,0,2232150,2232150,0,2275571,2275571,0,89,89,0,17,17,0,68,68,0,84,84,0,41,41,0,101,101,0,60,60,0,66,66,0,22,22,0,27,27,0,38,38,0,376,376,0,345,345,0,288,288,0,2018 Report Week 32
067,067651,NYME,NYC,N10,-42413,4324,19281,-1397,-3295,-12586,5950,-5288,4015,-9425,-14167,-26,-28885,11429,-11189,-9291,CRUDE OIL,NATURAL RESOURCES,CRUDE OIL,PETROLEUM AND PRODUCTS,24.0,24.0,0.0,23.5,23.5,0.0,36.1,36.1,0.0,38.8,38.8,0.0,12.7,12.7,0.0,15.6,15.6,0.0,19.3,19.3,0.0,24.1,24.1,0.0,WTI-PHYSICAL,"(CONTRACTS OF 1,000 BARRELS)",FutOnly,180814067651F,353696,353696,0,21188,21188,0,599468,599468,0,"CRUDE OIL, LIGHT SWEET - NEW YORK MERCANTILE EXCHANGE",109028,109028,0,63709,63709,0,2329989,2329989,0,301549,301549,0,60629,60629,0,237587,237587,0,15.2,15.2,0.0,0.9,0.9,0.0,25.7,25.7,0.0,4.7,4.7,0.0,2.7,2.7,0.0,12.9,12.9,0.0,2.6,2.6,0.0,10.2,10.2,0.0,17.1,17.1,0.0,19.7,19.7,0.0,7.0,7.0,0.0,31.0,31.0,0.0,7.2,7.2,0.0,95.3,95.3,0.0,97.3,97.3,0.0,100.0,100.0,100.0,399163,399163,0,457979,457979,0,2018-08-14T00:00:00.000,722173,722173,0,167256,167256,0,162242,162242,0,2220961,2220961,0,2266280,2266280,0,83,83,0,25,25,0,67,67,0,84,84,0,44,44,0,97,97,0,62,62,0,63,63,0,24,24,0,25,25,0,40,40,0,377,377,0,340,340,0,293,293,0,2018 Report Week 33
067,067651,NYME,NYC,N10,11199,12047,-24548,-10808,-5548,-94222,-24382,9413,-19740,-17531,-41176,1870,-14388,-10282,-83414,-88674,CRUDE OIL,NATURAL RESOURCES,CRUDE OIL,PETROLEUM AND PRODUCTS,24.8,24.8,0.0,24.0,24.0,0.0,37.0,37.0,0.0,39.3,39.3,0.0,13.3,13.3,0.0,16.0,16.0,0.0,19.6,19.6,0.0,24.5,24.5,0.0,WTI-PHYSICAL,"(CONTRACTS OF 1,000 BARRELS)",FutOnly,180821067651F,364895,364895,0,33235,33235,0,574920,574920,0,"CRUDE OIL, LIGHT SWEET - NEW YORK MERCANTILE EXCHANGE",98220,98220,0,58161,58161,0,2235767,2235767,0,277167,277167,0,70042,70042,0,217847,217847,0,16.3,16.3,0.0,1.5,1.5,0.0,25.7,25.7,0.0,4.4,4.4,0.0,2.6,2.6,0.0,12.4,12.4,0.0,3.1,3.1,0.0,9.7,9.7,0.0,17.1,17.1,0.0,18.6,18.6,0.0,7.3,7.3,0.0,31.7,31.7,0.0,7.0,7.0,0.0,95.6,95.6,0.0,97.4,97.4,0.0,100.0,100.0,100.0,381632,381632,0,416803,416803,0,2018-08-21T00:00:00.000,707785,707785,0,156974,156974,0,164112,164112,0,2137547,2137547,0,2177606,2177606,0,89,89,0,19,19,0,70,70,0,75,75,0,45,45,0,90,90,0,57,57,0,59,59,0,25,25,0,24,24,0,39,39,0,362,362,0,328,328,0,279,279,0,2018 Report Week 34
067,067651,NYME,NYC,N10,13334,-13243,-15112,572,5118,5210,-1012,14037,2788,2790,12138,1463,-903,387,4638,92,CRUDE OIL,NATURAL RESOURCES,CRUDE OIL,PETROLEUM AND PRODUCTS,23.6,23.6,0.0,23.3,23.3,0.0,36.0,36.0,0.0,38.2,38.2,0.0,13.2,13.2,0.0,16.1,16.1,0.0,19.6,19.6,0.0,24.4,24.4,0.0,WTI-PHYSICAL,"(CONTRACTS OF 1,000 BARRELS)",FutOnly,180828067651F,378229,378229,0,19992,19992,0,559808,559808,0,"CRUDE OIL, LIGHT SWEET - NEW YORK MERCANTILE EXCHANGE",98792,98792,0,63279,63279,0,2240977,2240977,0,276155,276155,0,84079,84079,0,220635,220635,0,16.9,16.9,0.0,0.9,0.9,0.0,25.0,25.0,0.0,4.4,4.4,0.0,2.8,2.8,0.0,12.3,12.3,0.0,3.8,3.8,0.0,9.8,9.8,0.0,17.2,17.2,0.0,19.1,19.1,0.0,7.4,7.4,0.0,31.5,31.5,0.0,7.0,7.0,0.0,95.6,95.6,0.0,97.2,97.2,0.0,100.0,100.0,100.0,384422,384422,0,428941,428941,0,2018-08-28T00:00:00.000,706882,706882,0,157361,157361,0,165575,165575,0,2142185,2142185,0,2177698,2177698,0,88,88,0,21,21,0,70,70,0,71,71,0,53,53,0,92,92,0,57,57,0,65,65,0,23,23,0,26,26,0,39,39,0,369,369,0,330,330,0,289,289,0,2018 Report Week 35
067,067651,NYME,NYC,N10,18754,-750,22435,4530,6246,62070,289,4376,290,13716,20652,3056,9821,-1000,57540,55824,CRUDE OIL,NATURAL RESOURCES,CRUDE OIL,PETROLEUM AND PRODUCTS,23.0,23.0,0.0,22.8,22.8,0.0,35.1,35.1,0.0,37.3,37.3,0.0,12.6,12.6,0.0,15.4,15.4,0.0,19.0,19.0,0.0,23.8,23.8,0.0,WTI-PHYSICAL,"(CONTRACTS OF 1,000 BARRELS)",FutOnly,180904067651F,396983,396983,0,19242,19242,0,582243,582243,0,"CRUDE OIL, LIGHT SWEET - NEW YORK MERCANTILE EXCHANGE",103322,103322,0,69525,69525,0,2303047,2303047,0,276444,276444,0,88455,88455,0,220925,220925,0,17.2,17.2,0.0,0.8,0.8,0.0,25.3,25.3,0.0,4.5,4.5,0.0,3.0,3.0,0.0,12.0,12.0,0.0,3.8,3.8,0.0,9.6,9.6,0.0,17.3,17.3,0.0,19.5,19.5,0.0,7.3,7.3,0.0,31.1,31.1,0.0,6.8,6.8,0.0,95.5,95.5,0.0,97.0,97.0,0.0,100.0,100.0,100.0,398138,398138,0,449593,449593,0,2018-09-04T00:00:00.000,716703,716703,0,156361,156361,0,168631,168631,0,2199725,2199725,0,2233522,2233522,0,91,91,0,19,19,0,73,73,0,70,70,0,53,53,0,88,88,0,58,58,0,64,64,0,23,23,0,26,26,0,39,39,0,367,367,0,333,333,0,284,284,0,2018 Report Week 36
067,067651,NYME,NYC,N10,-23606,5567,-6763,-3165,-1332,-21178,3114,-4174,8899,2076,91,1462,-20271,-3195,-18013,-19846,CRUDE OIL,NATURAL RESOURCES,CRUDE OIL,PETROLEUM AND PRODUCTS,22.4,22.4,0.0,22.2,22.2,0.0,34.6,34.6,0.0,36.9,36.9,0.0,12.7,12.7,0.0,15.5,15.5,0.0,19.1,19.1,0.0,23.7,23.7,0.0,WTI-PHYSICAL,"(CONTRACTS OF 1,000 BARRELS)",FutOnly,180911067651F,373377,373377,0,24809,24809,0,575480,575480,0,"CRUDE OIL, LIGHT SWEET - NEW YORK MERCANTILE EXCHANGE",100157,100157,0,68193,68193,0,2281869,2281869,0,279558,279558,0,84281,84281,0,229824,229824,0,16.4,16.4,0.0,1.1,1.1,0.0,25.2,25.2,0.0,4.4,4.4,0.0,3.0,3.0,0.0,12.3,12.3,0.0,3.7,3.7,0.0,10.1,10.1,0.0,17.5,17.5,0.0,19.7,19.7,0.0,7.5,7.5,0.0,30.5,30.5,0.0,6.7,6.7,0.0,95.6,95.6,0.0,97.0,97.0,0.0,100.0,100.0,100.0,400214,400214,0,449684,449684,0,2018-09-11T00:00:00.000,696432,696432,0,153166,153166,0,170093,170093,0,2181712,2181712,0,2213676,2213676,0,87,87,0,23,23,0,69,69,0,78,78,0,48,48,0,91,91,0,62,62,0,65,65,0,22,22,0,26,26,0,36,36,0,370,370,0,339,339,0,281,281,0,2018 Report Week 37
067,067651,NYME,NYC,N10,-20773,1038,-23737,-1785,-7393,-52932,-5248,-13580,-18869,-10443,-14381,1643,-2290,26280,-51147,-45539,CRUDE OIL,NATURAL RESOURCES,CRUDE OIL,PETROLEUM AND PRODUCTS,22.2,22.2,0.0,22.2,22.2,0.0,34.3,34.3,0.0,37.2,37.2,0.0,12.5,12.5,0.0,15.7,15.7,0.0,18.8,18.8,0.0,24.1,24.1,0.0,WTI-PHYSICAL,"(CONTRACTS OF 1,000 BARRELS)",FutOnly,180918067651F,352604,352604,0,25847,25847,0,551743,551743,0,"CRUDE OIL, LIGHT SWEET - NEW YORK MERCANTILE EXCHANGE",98372,98372,0,60800,60800,0,2228937,2228937,0,274310,274310,0,70701,70701,0,210955,210955,0,15.8,15.8,0.0,1.2,1.2,0.0,24.8,24.8,0.0,4.4,4.4,0.0,2.7,2.7,0.0,12.3,12.3,0.0,3.2,3.2,0.0,9.5,9.5,0.0,17.5,17.5,0.0,19.5,19.5,0.0,7.7,7.7,0.0,31.1,31.1,0.0,8.1,8.1,0.0,95.6,95.6,0.0,97.3,97.3,0.0,100.0,100.0,100.0,389771,389771,0,435303,435303,0,2018-09-18T00:00:00.000,694142,694142,0,179446,179446,0,171736,171736,0,2130565,2130565,0,2168137,2168137,0,85,85,0,19,19,0,69,69,0,67,67,0,47,47,0,86,86,0,62,62,0,62,62,0,24,24,0,25,25,0,37,37,0,355,355,0,329,329,0,270,270,0,2018 Report Week 38
067,067651,NYME,NYC,N10,5600,-1284,5424,4163,5630,-3158,14700,-8135,7201,-25862,-1435,-1097,2728,-13287,-7321,-8788,CRUDE OIL,NATURAL RESOURCES,CRUDE OIL,PETROLEUM AND PRODUCTS,22.5,22.5,0.0,22.2,22.2,0.0,34.7,34.7,0.0,37.2,37.2,0.0,12.6,12.6,0.0,15.6,15.6,0.0,19.1,19.1,0.0,24.1,24.1,0.0,WTI-PHYSICAL,"(CONTRACTS OF 1,000 BARRELS)",FutOnly,180925067651F,358204,358204,0,24563,24563,0,557167,557167,0,"CRUDE OIL, LIGHT SWEET - NEW YORK MERCANTILE EXCHANGE",102535,102535,0,66430,66430,0,2225779,2225779,0,289010,289010,0,62566,62566,0,218156,218156,0,16.1,16.1,0.0,1.1,1.1,0.0,25.0,25.0,0.0,4.6,4.6,0.0,3.0,3.0,0.0,13.0,13.0,0.0,2.8,2.8,0.0,9.8,9.8,0.0,16.3,16.3,0.0,19.5,19.5,0.0,7.7,7.7,0.0,31.3,31.3,0.0,7.5,7.5,0.0,95.4,95.4,0.0,97.0,97.0,0.0,100.0,100.0,100.0,363909,363909,0,433868,433868,0,2018-09-25T00:00:00.000,696870,696870,0,166159,166159,0,170639,170639,0,2123244,2123244,0,2159349,2159349,0,86,86,0,21,21,0,71,71,0,71,71,0,48,48,0,84,84,0,54,54,0,59,59,0,23,23,0,27,27,0,40,40,0,365,365,0,325,325,0,277,277,0,2018 Report Week 39
067,067651,NYME,NYC,N10,1133,5275,9672,5168,6553,19810,5552,12586,-4738,6224,-12430,5732,11825,-8933,14642,13257,CRUDE OIL,NATURAL RESOURCES,CRUDE OIL,PETROLEUM AND PRODUCTS,22.6,22.6,0.0,22.4,22.4,0.0,34.6,34.6,0.0,37.3,37.3,0.0,12.5,12.5,0.0,15.6,15.6,0.0,18.7,18.7,0.0,24.1,24.1,0.0,WTI-PHYSICAL,"(CONTRACTS OF 1,000 BARRELS)",FutOnly,181002067651F,359337,359337,0,29838,29838,0,566839,566839,0,"CRUDE OIL, LIGHT SWEET - NEW YORK MERCANTILE EXCHANGE",107703,107703,0,72983,72983,0,2245589,2245589,0,294562,294562,0,75152,75152,0,213418,213418,0,16.0,16.0,0.0,1.3,1.3,0.0,25.2,25.2,0.0,4.8,4.8,0.0,3.3,3.3,0.0,13.1,13.1,0.0,3.3,3.3,0.0,9.5,9.5,0.0,16.5,16.5,0.0,18.8,18.8,0.0,7.9,7.9,0.0,31.6,31.6,0.0,7.0,7.0,0.0,95.2,95.2,0.0,96.7,96.7,0.0,100.0,100.0,100.0,370133,370133,0,421438,421438,0,2018-10-02T00:00:00.000,708695,708695,0,157226,157226,0,176371,176371,0,2137886,2137886,0,2172606,2172606,0,88,88,0,17,17,0,70,70,0,67,67,0,51,51,0,88,88,0,54,54,0,62,62,0,24,24,0,26,26,0,41,41,0,361,361,0,325,325,0,282,282,0,2018 Report Week 40
067,067651,NYME,NYC,N10,-24623,8199,-9303,-200,-6085,-28418,3841,-8123,10489,13793,-9516,-6501,1835,-15914,-28218,-22333,CRUDE OIL,NATURAL RESOURCES,CRUDE OIL,PETROLEUM AND PRODUCTS,22.7,22.7,0.0,22.4,22.4,0.0,34.0,34.0,0.0,37.4,37.4,0.0,12.4,12.4,0.0,15.7,15.7,0.0,18.5,18.5,0.0,24.4,24.4,0.0,WTI-PHYSICAL,"(CONTRACTS OF 1,000 BARRELS)",FutOnly,181009067651F,334714,334714,0,38037,38037,0,557536,557536,0,"CRUDE OIL, LIGHT SWEET - NEW YORK MERCANTILE EXCHANGE",107503,107503,0,66898,66898,0,2217171,2217171,0,298403,298403,0,67029,67029,0,223907,223907,0,15.1,15.1,0.0,1.7,1.7,0.0,25.1,25.1,0.0,4.8,4.8,0.0,3.0,3.0,0.0,13.5,13.5,0.0,3.0,3.0,0.0,10.1,10.1,0.0,17.3,17.3,0.0,18.6,18.6,0.0,7.7,7.7,0.0,32.0,32.0,0.0,6.4,6.4,0.0,95.2,95.2,0.0,97.0,97.0,0.0,100.0,100.0,100.0,383926,383926,0,411922,411922,0,2018-10-09T00:00:00.000,710530,710530,0,141312,141312,0,169870,169870,0,2109668,2109668,0,2150273,2150273,0,91,91,0,17,17,0,70,70,0,72,72,0,52,52,0,92,92,0,55,55,0,61,61,0,22,22,0,26,26,0,39,39,0,367,367,0,331,331,0,285,285,0,2018 Report Week 41
067,067651,NYME,NYC,N10,-27665,19460,-11722,-3294,-6647,1716,8971,-3332,5069,14717,5380,2602,-19530,13038,5010,8363,CRUDE OIL,NATURAL RESOURCES,CRUDE OIL,PETROLEUM AND PRODUCTS,22.4,22.4,0.0,22.3,22.3,0.0,34.4,34.4,0.0,36.9,36.9,0.0,12.4,12.4,0.0,15.6,15.6,0.0,18.3,18.3,0.0,24.2,24.2,0.0,WTI-PHYSICAL,"(CONTRACTS OF 1,000 BARRELS)",FutOnly,181016067651F,307049,307049,0,57497,57497,0,545814,545814,0,"CRUDE OIL, LIGHT SWEET - NEW YORK MERCANTILE EXCHANGE",104209,104209,0,60251,60251,0,2218887,2218887,0,307374,307374,0,63697,63697,0,228976,228976,0,13.8,13.8,0.0,2.6,2.6,0.0,24.6,24.6,0.0,4.7,4.7,0.0,2.7,2.7,0.0,13.9,13.9,0.0,2.9,2.9,0.0,10.3,10.3,0.0,18.0,18.0,0.0,18.8,18.8,0.0,7.8,7.8,0.0,31.1,31.1,0.0,7.0,7.0,0.0,95.3,95.3,0.0,97.3,97.3,0.0,100.0,100.0,100.0,398643,398643,0,417302,417302,0,2018-10-16T00:00:00.000,691000,691000,0,154350,154350,0,172472,172472,0,2114678,2114678,0,2158636,2158636,0,86,86,0,23,23,0,65,65,0,76,76,0,48,48,0,88,88,0,63,63,0,66,66,0,22,22,0,25,25,0,42,42,0,374,374,0,338,338,0,285,285,0,2018 Report Week 42
067,067651,NYME,NYC,N10,-37758,12345,-22797,-878,-4457,-87393,8747,-3405,-22014,-4516,-5200,-4430,-38118,-3747,-86515,-82936,CRUDE OIL,NATURAL RESOURCES,CRUDE OIL,PETROLEUM AND PRODUCTS,22.1,22.1,0.0,21.7,21.7,0.0,35.0,35.0,0.0,36.1,36.1,0.0,13.0,13.0,0.0,15.3,15.3,0.0,19.1,19.1,0.0,23.9,23.9,0.0,WTI-PHYSICAL,"(CONTRACTS OF 1,000 BARRELS)",FutOnly,181023067651F,269291,269291,0,69842,69842,0,523017,523017,0,"CRUDE OIL, LIGHT SWEET - NEW YORK MERCANTILE EXCHANGE",103331,103331,0,55794,55794,0,2131494,2131494,0,316121,316121,0,60292,60292,0,206962,206962,0,12.6,12.6,0.0,3.3,3.3,0.0,24.5,24.5,0.0,4.8,4.8,0.0,2.6,2.6,0.0,14.8,14.8,0.0,2.8,2.8,0.0,9.7,9.7,0.0,18.5,18.5,0.0,19.3,19.3,0.0,7.9,7.9,0.0,30.6,30.6,0.0,7.1,7.1,0.0,95.2,95.2,0.0,97.4,97.4,0.0,100.0,100.0,100.0,394127,394127,0,412102,412102,0,2018-10-23T00:00:00.000,652882,652882,0,150603,150603,0,168042,168042,0,2028163,2028163,0,2075700,2075700,0,76,76,0,33,33,0,75,75,0,86,86,0,44,44,0,81,81,0,62,62,0,63,63,0,22,22,0,26,26,0,39,39,0,381,381,0,333,333,0,291,291,0,2018 Report Week 43
067,067651,NYME,NYC,N10,-14053,-1114,-42342,-7998,5106,-38439,-5688,4013,-2083,28369,11372,-518,-19265,5874,-30441,-43545,CRUDE OIL,NATURAL RESOURCES,CRUDE OIL,PETROLEUM AND PRODUCTS,21.2,21.2,0.0,20.7,20.7,0.0,34.8,34.8,0.0,34.6,34.6,0.0,13.0,13.0,0.0,15.1,15.1,0.0,19.3,19.3,0.0,24.0,24.0,0.0,WTI-PHYSICAL,"(CONTRACTS OF 1,000 BARRELS)",FutOnly,181030067651F,255238,255238,0,68728,68728,0,480675,480675,0,"CRUDE OIL, LIGHT SWEET - NEW YORK MERCANTILE EXCHANGE",95333,95333,0,60900,60900,0,2093055,2093055,0,310433,310433,0,64305,64305,0,204879,204879,0,12.2,12.2,0.0,3.3,3.3,0.0,23.0,23.0,0.0,4.6,4.6,0.0,2.9,2.9,0.0,14.8,14.8,0.0,3.1,3.1,0.0,9.8,9.8,0.0,20.2,20.2,0.0,20.2,20.2,0.0,8.0,8.0,0.0,30.3,30.3,0.0,7.5,7.5,0.0,95.4,95.4,0.0,97.1,97.1,0.0,100.0,100.0,100.0,422496,422496,0,423474,423474,0,2018-10-30T00:00:00.000,633617,633617,0,156477,156477,0,167524,167524,0,1997722,1997722,0,2032155,2032155,0,76,76,0,27,27,0,73,73,0,83,83,0,49,49,0,86,86,0,63,63,0,64,64,0,24,24,0,24,24,0,41,41,0,371,371,0,332,332,0,291,291,0,2018 Report Week 44
067,067651,NYME,NYC,N10,-13332,25009,-66354,10646,2251,-17816,2223,-7263,23859,11956,15718,-6548,-30770,19734,-28462,-20067,CRUDE OIL,NATURAL RESOURCES,CRUDE OIL,PETROLEUM AND PRODUCTS,19.6,19.6,0.0,19.6,19.6,0.0,33.9,33.9,0.0,33.1,33.1,0.0,13.0,13.0,0.0,14.7,14.7,0.0,19.2,19.2,0.0,23.6,23.6,0.0,WTI-PHYSICAL,"(CONTRACTS OF 1,000 BARRELS)",FutOnly,181106067651F,241906,241906,0,93737,93737,0,414321,414321,0,"CRUDE OIL, LIGHT SWEET - NEW YORK MERCANTILE EXCHANGE",105979,105979,0,63151,63151,0,2075239,2075239,0,312656,312656,0,57042,57042,0,228738,228738,0,11.7,11.7,0.0,4.5,4.5,0.0,20.0,20.0,0.0,5.1,5.1,0.0,3.0,3.0,0.0,15.1,15.1,0.0,2.7,2.7,0.0,11.0,11.0,0.0,20.9,20.9,0.0,21.2,21.2,0.0,7.8,7.8,0.0,29.0,29.0,0.0,8.5,8.5,0.0,94.9,94.9,0.0,97.0,97.0,0.0,100.0,100.0,100.0,434452,434452,0,439192,439192,0,2018-11-06T00:00:00.000,602847,602847,0,176211,176211,0,160976,160976,0,1969260,1969260,0,2012088,2012088,0,73,73,0,37,37,0,75,75,0,86,86,0,41,41,0,84,84,0,63,63,0,65,65,0,23,23,0,24,24,0,39,39,0,372,372,0,332,332,0,292,292,0,2018 Report Week 45
067,067651,NYME,NYC,N10,3081,15569,-15800,-1695,2804,35554,3802,13899,7048,30171,28670,-805,-26388,9752,37249,32750,CRUDE OIL,NATURAL RESOURCES,CRUDE OIL,PETROLEUM AND PRODUCTS,17.3,17.3,0.0,17.1,17.1,0.0,31.7,31.7,0.0,30.6,30.6,0.0,12.5,12.5,0.0,14.4,14.4,0.0,18.7,18.7,0.0,22.5,22.5,0.0,WTI-PHYSICAL,"(CONTRACTS OF 1,000 BARRELS)",FutOnly,181113067651F,244987,244987,0,109306,109306,0,398521,398521,0,"CRUDE OIL, LIGHT SWEET - NEW YORK MERCANTILE EXCHANGE",104284,104284,0,65955,65955,0,2110793,2110793,0,316458,316458,0,70941,70941,0,235786,235786,0,11.6,11.6,0.0,5.2,5.2,0.0,18.9,18.9,0.0,4.9,4.9,0.0,3.1,3.1,0.0,15.0,15.0,0.0,3.4,3.4,0.0,11.2,11.2,0.0,22.0,22.0,0.0,22.2,22.2,0.0,7.6,7.6,0.0,27.3,27.3,0.0,8.8,8.8,0.0,95.1,95.1,0.0,96.9,96.9,0.0,100.0,100.0,100.0,464623,464623,0,467862,467862,0,2018-11-13T00:00:00.000,576459,576459,0,185963,185963,0,160171,160171,0,2006509,2006509,0,2044838,2044838,0,73,73,0,49,49,0,76,76,0,87,87,0,48,48,0,89,89,0,65,65,0,69,69,0,22,22,0,25,25,0,38,38,0,394,394,0,346,346,0,308,308,0,2018 Report Week 46
067,067651,NYME,NYC,N10,-9441,-6710,-24547,-9979,-853,-111927,-23155,-11875,-4012,-8812,-29107,-10080,-12922,-21901,-101948,-111074,CRUDE OIL,NATURAL RESOURCES,CRUDE OIL,PETROLEUM AND PRODUCTS,18.7,18.7,0.0,17.6,17.6,0.0,33.9,33.9,0.0,31.9,31.9,0.0,13.1,13.1,0.0,14.7,14.7,0.0,19.8,19.8,0.0,22.9,22.9,0.0,WTI-PHYSICAL,"(CONTRACTS OF 1,000 BARRELS)",FutOnly,181120067651F,235546,235546,0,102596,102596,0,373974,373974,0,"CRUDE OIL, LIGHT SWEET - NEW YORK MERCANTILE EXCHANGE",94305,94305,0,65102,65102,0,1998866,1998866,0,293303,293303,0,59066,59066,0,231774,231774,0,11.8,11.8,0.0,5.1,5.1,0.0,18.7,18.7,0.0,4.7,4.7,0.0,3.3,3.3,0.0,14.7,14.7,0.0,3.0,3.0,0.0,11.6,11.6,0.0,22.8,22.8,0.0,22.0,22.0,0.0,7.5,7.5,0.0,28.2,28.2,0.0,8.2,8.2,0.0,95.3,95.3,0.0,96.7,96.7,0.0,100.0,100.0,100.0,455811,455811,0,438755,438755,0,2018-11-20T00:00:00.000,563537,563537,0,164062,164062,0,150091,150091,0,1904561,1904561,0,1933764,1933764,0,53,53,0,50,50,0,69,69,0,74,74,0,48,48,0,84,84,0,60,60,0,65,65,0,21,21,0,25,25,0,33,33,0,358,358,0,306,306,0,287,287,0,2018 Report Week 47
067,067651,NYME,NYC,N10,-13137,-8631,14328,-2896,1213,21226,-4033,10527,2667,12157,7969,815,-18172,11325,24122,20013,CRUDE OIL,NATURAL RESOURCES,CRUDE OIL,PETROLEUM AND PRODUCTS,18.7,18.7,0.0,17.8,17.8,0.0,33.7,33.7,0.0,32.0,32.0,0.0,12.8,12.8,0.0,14.2,14.2,0.0,19.2,19.2,0.0,21.8,21.8,0.0,WTI-PHYSICAL,"(CONTRACTS OF 1,000 BARRELS)",FutOnly,181127067651F,222409,222409,0,93965,93965,0,388302,388302,0,"CRUDE OIL, LIGHT SWEET - NEW YORK MERCANTILE EXCHANGE",91409,91409,0,66315,66315,0,2020092,2020092,0,289270,289270,0,69593,69593,0,234441,234441,0,11.0,11.0,0.0,4.7,4.7,0.0,19.2,19.2,0.0,4.5,4.5,0.0,3.3,3.3,0.0,14.3,14.3,0.0,3.4,3.4,0.0,11.6,11.6,0.0,23.2,23.2,0.0,22.1,22.1,0.0,7.5,7.5,0.0,27.0,27.0,0.0,8.7,8.7,0.0,95.5,95.5,0.0,96.7,96.7,0.0,100.0,100.0,100.0,467968,467968,0,446724,446724,0,2018-11-27T00:00:00.000,545365,545365,0,175387,175387,0,150906,150906,0,1928683,1928683,0,1953777,1953777,0,56,56,0,54,54,0,73,73,0,67,67,0,53,53,0,84,84,0,57,57,0,63,63,0,22,22,0,24,24,0,34,34,0,360,360,0,304,304,0,294,294,0,2018 Report Week 48
067,067651,NYME,NYC,N10,-12375,12089,22856,-539,6177,28643,5988,-501,-7552,6131,11055,5063,-24552,9071,29182,22466,CRUDE OIL,NATURAL RESOURCES,CRUDE OIL,PETROLEUM AND PRODUCTS,18.7,18.7,0.0,18.6,18.6,0.0,33.3,33.3,0.0,32.0,32.0,0.0,12.7,12.7,0.0,13.8,13.8,0.0,18.8,18.8,0.0,20.8,20.8,0.0,WTI-PHYSICAL,"(CONTRACTS OF 1,000 BARRELS)",FutOnly,181204067651F,210034,210034,0,106054,106054,0,411158,411158,0,"CRUDE OIL, LIGHT SWEET - NEW YORK MERCANTILE EXCHANGE",90870,90870,0,72492,72492,0,2048735,2048735,0,295258,295258,0,69092,69092,0,226889,226889,0,10.3,10.3,0.0,5.2,5.2,0.0,20.1,20.1,0.0,4.4,4.4,0.0,3.5,3.5,0.0,14.4,14.4,0.0,3.4,3.4,0.0,11.1,11.1,0.0,23.1,23.1,0.0,22.3,22.3,0.0,7.6,7.6,0.0,25.4,25.4,0.0,9.0,9.0,0.0,95.6,95.6,0.0,96.5,96.5,0.0,100.0,100.0,100.0,474099,474099,0,457779,457779,0,2018-12-04T00:00:00.000,520813,520813,0,184458,184458,0,155969,155969,0,1957865,1957865,0,1976243,1976243,0,48,48,0,58,58,0,70,70,0,71,71,0,54,54,0,87,87,0,62,62,0,68,68,0,22,22,0,24,24,0,35,35,0,367,367,0,313,313,0,299,299,0,2018 Report Week 49
067,067651,NYME,NYC,N10,-3047,6293,6125,2675,-393,1899,2339,13639,7130,-6243,-7903,-2267,-18179,-4813,-776,2292,CRUDE OIL,NATURAL RESOURCES,CRUDE OIL,PETROLEUM AND PRODUCTS,19.2,19.2,0.0,18.6,18.6,0.0,33.6,33.6,0.0,31.2,31.2,0.0,12.5,12.5,0.0,13.5,13.5,0.0,18.7,18.7,0.0,20.9,20.9,0.0,WTI-PHYSICAL,"(CONTRACTS OF 1,000 BARRELS)",FutOnly,181211067651F,206987,206987,0,112347,112347,0,417283,417283,0,"CRUDE OIL, LIGHT SWEET - NEW YORK MERCANTILE EXCHANGE",93545,93545,0,72099,72099,0,2050634,2050634,0,297597,297597,0,82731,82731,0,234019,234019,0,10.1,10.1,0.0,5.5,5.5,0.0,20.3,20.3,0.0,4.6,4.6,0.0,3.5,3.5,0.0,14.5,14.5,0.0,4.0,4.0,0.0,11.4,11.4,0.0,22.8,22.8,0.0,21.9,21.9,0.0,7.5,7.5,0.0,24.5,24.5,0.0,8.8,8.8,0.0,95.4,95.4,0.0,96.5,96.5,0.0,100.0,100.0,100.0,467856,467856,0,449876,449876,0,2018-12-11T00:00:00.000,502634,502634,0,179645,179645,0,153702,153702,0,1957089,1957089,0,1978535,1978535,0,54,54,0,54,54,0,67,67,0,71,71,0,51,51,0,86,86,0,56,56,0,65,65,0,19,19,0,24,24,0,33,33,0,355,355,0,302,302,0,287,287,0,2018 Report Week 50
067,067651,NYME,NYC,N10,-11064,16280,18368,3265,34,12742,9195,-18251,-25972,27814,28660,-2047,440,-6817,9477,12708,CRUDE OIL,NATURAL RESOURCES,CRUDE OIL,PETROLEUM AND PRODUCTS,21.7,21.7,0.0,20.5,20.5,0.0,35.3,35.3,0.0,34.0,34.0,0.0,12.4,12.4,0.0,14.2,14.2,0.0,18.6,18.6,0.0,21.6,21.6,0.0,WTI-PHYSICAL,"(CONTRACTS OF 1,000 BARRELS)",FutOnly,181218067651F,195923,195923,0,128627,128627,0,435651,435651,0,"CRUDE OIL, LIGHT SWEET - NEW YORK MERCANTILE EXCHANGE",96810,96810,0,72133,72133,0,2063376,2063376,0,306792,306792,0,64480,64480,0,208047,208047,0,9.5,9.5,0.0,6.2,6.2,0.0,21.1,21.1,0.0,4.7,4.7,0.0,3.5,3.5,0.0,14.9,14.9,0.0,3.1,3.1,0.0,10.1,10.1,0.0,24.0,24.0,0.0,23.2,23.2,0.0,7.3,7.3,0.0,24.4,24.4,0.0,8.4,8.4,0.0,95.3,95.3,0.0,96.5,96.5,0.0,100.0,100.0,100.0,495670,495670,0,478536,478536,0,2018-12-18T00:00:00.000,503074,503074,0,172828,172828,0,151655,151655,0,1966566,1966566,0,1991243,1991243,0,48,48,0,53,53,0,67,67,0,75,75,0,44,44,0,77,77,0,61,61,0,66,66,0,21,21,0,23,23,0,31,31,0,350,350,0,299,299,0,275,275,0,2018 Report Week 51
067,067651,NYME,NYC,N10,1039,-7875,18952,-5580,3412,10616,-1035,11175,4981,-4049,-10733,-2824,-8428,-868,16196,7204,CRUDE OIL,NATURAL RESOURCES,CRUDE OIL,PETROLEUM AND PRODUCTS,21.8,21.8,0.0,20.9,20.9,0.0,35.4,35.4,0.0,34.1,34.1,0.0,12.2,12.2,0.0,13.5,13.5,0.0,18.2,18.2,0.0,20.4,20.4,0.0,WTI-PHYSICAL,"(CONTRACTS OF 1,000 BARRELS)",FutOnly,181224067651F,196962,196962,0,120752,120752,0,454603,454603,0,"CRUDE OIL, LIGHT SWEET - NEW YORK MERCANTILE EXCHANGE",91230,91230,0,75545,75545,0,2073992,2073992,0,305757,305757,0,75655,75655,0,213028,213028,0,9.5,9.5,0.0,5.8,5.8,0.0,21.9,21.9,0.0,4.4,4.4,0.0,3.6,3.6,0.0,14.7,14.7,0.0,3.6,3.6,0.0,10.3,10.3,0.0,23.7,23.7,0.0,22.6,22.6,0.0,7.2,7.2,0.0,23.8,23.8,0.0,8.3,8.3,0.0,95.6,95.6,0.0,96.4,96.4,0.0,100.0,100.0,100.0,491621,491621,0,467803,467803,0,2018-12-24T00:00:00.000,494646,494646,0,171960,171960,0,148831,148831,0,1982762,1982762,0,1998447,1998447,0,50,50,0,55,55,0,69,69,0,75,75,0,45,45,0,80,80,0,56,56,0,66,66,0,21,21,0,23,23,0,33,33,0,355,355,0,301,301,0,280,280,0,2018 Report Week 52
067,067651,NYME,NYC,N10,6453,4546,40093,-4556,311,30683,-6200,3306,624,-5055,7050,-1082,-25653,406,35239,30372,CRUDE OIL,NATURAL RESOURCES,CRUDE OIL,PETROLEUM AND PRODUCTS,22.5,22.5,0.0,22.0,22.0,0.0,36.1,36.1,0.0,34.9,34.9,0.0,12.0,12.0,0.0,13.1,13.1,0.0,17.9,17.9,0.0,19.5,19.5,0.0,WTI-PHYSICAL,"(CONTRACTS OF 1,000 BARRELS)",FutOnly,181231067651F,203415,203415,0,125298,125298,0,494696,494696,0,"CRUDE OIL, LIGHT SWEET - NEW YORK MERCANTILE EXCHANGE",86674,86674,0,75856,75856,0,2104675,2104675,0,299557,299557,0,78961,78961,0,213652,213652,0,9.7,9.7,0.0,6.0,6.0,0.0,23.5,23.5,0.0,4.1,4.1,0.0,3.6,3.6,0.0,14.2,14.2,0.0,3.8,3.8,0.0,10.2,10.2,0.0,23.1,23.1,0.0,22.6,22.6,0.0,7.0,7.0,0.0,22.3,22.3,0.0,8.2,8.2,0.0,95.9,95.9,0.0,96.4,96.4,0.0,100.0,100.0,100.0,486566,486566,0,474853,474853,0,2018-12-31T00:00:00.000,468993,468993,0,172366,172366,0,147749,147749,0,2018001,2018001,0,2028819,2028819,0,51,51,0,55,55,0,73,73,0,74,74,0,47,47,0,82,82,0,55,55,0,66,66,0,20,20,0,23,23,0,34,34,0,354,354,0,302,302,0,287,287,0,2018 Report Week 53
