asset_mgr_positions_long,asset_mgr_positions_short,asset_mgr_positions_spread,cftc_commodity_code,cftc_contract_market_code,cftc_market_code,cftc_region_code,cftc_subgroup_code,change_in_asset_mgr_long,change_in_asset_mgr_short,change_in_asset_mgr_spread,change_in_dealer_long_all,change_in_dealer_short_all,change_in_dealer_spread_all,change_in_lev_money_long,change_in_lev_money_short,change_in_lev_money_spread,change_in_nonrept_long_all,change_in_nonrept_short_all,change_in_open_interest_all,change_in_other_rept_long,change_in_other_rept_short,change_in_other_rept_spread,change_in_tot_rept_long_all,change_in_tot_rept_short,commodity,commodity_group_name,commodity_name,commodity_subgroup_name,conc_gross_le_4_tdr_long,conc_gross_le_4_tdr_short,conc_gross_le_8_tdr_long,conc_gross_le_8_tdr_short,conc_net_le_4_tdr_long_all,conc_net_le_4_tdr_short_all,conc_net_le_8_tdr_long_all,conc_net_le_8_tdr_short_all,contract_market_name,contract_units,dealer_positions_long_all,dealer_positions_short_all,dealer_positions_spread_all,futonly_or_combined,id,lev_money_positions_long,lev_money_positions_short,lev_money_positions_spread,market_and_exchange_names,nonrept_positions_long_all,nonrept_positions_short_all,open_interest_all,other_rept_positions_long,other_rept_positions_short,other_rept_positions_spread,pct_of_oi_asset_mgr_long,pct_of_oi_asset_mgr_short,pct_of_oi_asset_mgr_spread,pct_of_oi_dealer_long_all,pct_of_oi_dealer_short_all,pct_of_oi_dealer_spread_all,pct_of_oi_lev_money_long,pct_of_oi_lev_money_short,pct_of_oi_lev_money_spread,pct_of_oi_nonrept_long_all,pct_of_oi_nonrept_short_all,pct_of_oi_other_rept_long,pct_of_oi_other_rept_short,pct_of_oi_other_rept_spread,pct_of_oi_tot_rept_long_all,pct_of_oi_tot_rept_short,pct_of_open_interest_all,report_date_as_yyyy_mm_dd,tot_rept_positions_long_all,tot_rept_positions_short,traders_asset_mgr_long_all,traders_asset_mgr_short_all,traders_asset_mgr_spread,traders_dealer_long_all,traders_dealer_short_all,traders_dealer_spread_all,traders_lev_money_long_all,traders_lev_money_short_all,traders_lev_money_spread,traders_other_rept_long_all,traders_other_rept_short,traders_other_rept_spread,traders_tot_all,traders_tot_rept_long_all,traders_tot_rept_short_all,yyyy_report_week_ww
857964,783928,361260,043,043602,CBT,CHI,F30,-9100,-38209,22259,13111,27497,-1761,9802,29510,24428,18126,-8395,64387,-14449,7087,1971,46261,72782,"T-NOTES, 6.5-10 YEAR",FINANCIAL INSTRUMENTS,"T-NOTES, 6.5-10 YEAR",Interest Rates - U.S. Treasury,35.6,17.2,46.4,24.9,34.3,14.1,42.7,18.9,UST 10Y NOTE,"(CONTRACTS OF $100,000 FACE VALUE)",146175,136724,16827,FutOnly,150106043602F,524818,640752,93482,10-YEAR U.S. TREASURY NOTES - CHICAGO BOARD OF TRADE,299999,420795,2671228,333249,180006,37454,32.1,29.3,13.5,5.5,5.1,0.6,19.6,24.0,3.5,11.2,15.8,12.5,6.7,1.4,88.8,84.2,100.0,2015-01-06T00:00:00.000,2371229,2250433,35,85,65,21,26,6,47,69,42,24,48,11,355,207,272,2015 Report Week 01
280626,445939,88909,042,042601,CBT,CHI,F30,2279,3056,3801,-2201,2879,-4115,6938,4082,1150,4177,1159,2832,-8390,-8373,-807,-1345,1673,"T-NOTES, 1-2 YEAR",FINANCIAL INSTRUMENTS,"T-NOTES, 1-2 YEAR",Interest Rates - U.S. Treasury,27.5,31.0,40.7,40.3,27.4,31.0,40.2,40.1,UST 2Y NOTE,"(CONTRACTS OF $200,000 FACE VALUE)",72576,112480,3876,FutOnly,150106042601F,587137,186643,20941,2-YEAR U.S. TREASURY NOTES - CHICAGO BOARD OF TRADE,94080,151755,1246072,92338,229940,5589,22.5,35.8,7.1,5.8,9.0,0.3,47.1,15.0,1.7,7.6,12.2,7.4,18.5,0.4,92.4,87.8,100.0,2015-01-06T00:00:00.000,1151992,1094317,40,44,40,12,29,,41,35,23,19,37,10,257,140,192,2015 Report Week 01
860017,774944,362820,043,043602,CBT,CHI,F30,2053,-8984,1560,3614,19165,6164,-18873,-9474,15422,3001,10236,29916,10503,-10645,6472,26915,19680,"T-NOTES, 6.5-10 YEAR",FINANCIAL INSTRUMENTS,"T-NOTES, 6.5-10 YEAR",Interest Rates - U.S. Treasury,34.2,18.5,45.6,25.6,32.8,14.3,40.9,18.7,UST 10Y NOTE,"(CONTRACTS OF $100,000 FACE VALUE)",149789,155889,22991,FutOnly,150113043602F,505945,631278,108904,10-YEAR U.S. TREASURY NOTES - CHICAGO BOARD OF TRADE,303000,431031,2701144,343752,169361,43926,31.8,28.7,13.4,5.5,5.8,0.9,18.7,23.4,4.0,11.2,16.0,12.7,6.3,1.6,88.8,84.0,100.0,2015-01-13T00:00:00.000,2398144,2270113,39,84,65,26,29,9,50,72,52,28,47,12,375,231,282,2015 Report Week 02
284017,425221,97261,042,042601,CBT,CHI,F30,3391,-20718,8352,-7296,5460,3541,-6733,-4158,1836,6218,1333,2065,-9865,3798,2621,-4153,732,"T-NOTES, 1-2 YEAR",FINANCIAL INSTRUMENTS,"T-NOTES, 1-2 YEAR",Interest Rates - U.S. Treasury,27.0,31.2,41.0,41.0,26.5,31.2,40.1,40.3,UST 2Y NOTE,"(CONTRACTS OF $200,000 FACE VALUE)",65280,117940,7417,FutOnly,150113042601F,580404,182485,22777,2-YEAR U.S. TREASURY NOTES - CHICAGO BOARD OF TRADE,100298,153088,1248137,82473,233738,8210,22.8,34.1,7.8,5.2,9.4,0.6,46.5,14.6,1.8,8.0,12.3,6.6,18.7,0.7,92.0,87.7,100.0,2015-01-13T00:00:00.000,1147839,1095049,41,41,40,12,35,6,43,34,24,17,38,11,262,144,199,2015 Report Week 02
842139,829055,325783,043,043602,CBT,CHI,F30,-17878,54111,-37037,-8095,-528,9248,13850,-17917,-7371,23546,-11609,-7284,25081,12447,-8628,-30830,4325,"T-NOTES, 6.5-10 YEAR",FINANCIAL INSTRUMENTS,"T-NOTES, 6.5-10 YEAR",Interest Rates - U.S. Treasury,33.1,18.7,43.5,26.2,31.6,13.6,39.6,19.3,UST 10Y NOTE,"(CONTRACTS OF $100,000 FACE VALUE)",141694,155361,32239,FutOnly,150120043602F,519795,613361,101533,10-YEAR U.S. TREASURY NOTES - CHICAGO BOARD OF TRADE,326546,419422,2693860,368833,181808,35298,31.3,30.8,12.1,5.3,5.8,1.2,19.3,22.8,3.8,12.1,15.6,13.7,6.7,1.3,87.9,84.4,100.0,2015-01-20T00:00:00.000,2367314,2274438,42,81,62,23,29,8,50,72,62,26,52,12,375,235,284,2015 Report Week 03
270196,424474,101891,042,042601,CBT,CHI,F30,-13821,-747,4630,12293,-5915,4226,-38500,-1989,5192,-2813,-6987,9731,38150,10947,374,12544,16718,"T-NOTES, 1-2 YEAR",FINANCIAL INSTRUMENTS,"T-NOTES, 1-2 YEAR",Interest Rates - U.S. Treasury,25.6,31.0,39.2,40.6,25.0,31.0,37.6,39.5,UST 2Y NOTE,"(CONTRACTS OF $200,000 FACE VALUE)",77573,112025,11643,FutOnly,150120042601F,541904,180496,27969,2-YEAR U.S. TREASURY NOTES - CHICAGO BOARD OF TRADE,97485,146101,1257868,120623,244685,8584,21.5,33.7,8.1,6.2,8.9,0.9,43.1,14.3,2.2,7.8,11.6,9.6,19.5,0.7,92.2,88.4,100.0,2015-01-20T00:00:00.000,1160383,1111767,42,41,36,13,35,6,46,36,25,17,40,11,270,147,201,2015 Report Week 03
258035,434676,107886,042,042601,CBT,CHI,F30,-12161,10202,5995,5427,41579,-3181,24268,-14383,18470,8448,-3246,47164,-22,-8192,-80,38716,50410,"T-NOTES, 1-2 YEAR",FINANCIAL INSTRUMENTS,"T-NOTES, 1-2 YEAR",Interest Rates - U.S. Treasury,23.4,30.0,37.2,39.7,22.1,30.0,35.2,38.6,UST 2Y NOTE,"(CONTRACTS OF $200,000 FACE VALUE)",83000,153604,8462,FutOnly,150127042601F,566172,166113,46439,2-YEAR U.S. TREASURY NOTES - CHICAGO BOARD OF TRADE,105933,142855,1305032,120601,236493,8504,19.8,33.3,8.3,6.4,11.8,0.6,43.4,12.7,3.6,8.1,10.9,9.2,18.1,0.7,91.9,89.1,100.0,2015-01-27T00:00:00.000,1199099,1162177,42,44,37,15,34,5,44,35,28,16,38,9,268,147,200,2015 Report Week 04
789438,909783,333117,043,043602,CBT,CHI,F30,-52701,80728,7334,58610,-11211,-16709,-23083,-83903,7520,13122,9769,-20317,-16498,-15933,2088,-33439,-30086,"T-NOTES, 6.5-10 YEAR",FINANCIAL INSTRUMENTS,"T-NOTES, 6.5-10 YEAR",Interest Rates - U.S. Treasury,32.7,19.3,42.4,27.7,30.7,14.6,38.9,20.7,UST 10Y NOTE,"(CONTRACTS OF $100,000 FACE VALUE)",200304,144150,15530,FutOnly,150127043602F,496712,529458,109053,10-YEAR U.S. TREASURY NOTES - CHICAGO BOARD OF TRADE,339668,429191,2673543,352335,165875,37386,29.5,34.0,12.5,7.5,5.4,0.6,18.6,19.8,4.1,12.7,16.1,13.2,6.2,1.4,87.3,83.9,100.0,2015-01-27T00:00:00.000,2333875,2244352,39,83,62,22,25,9,54,62,51,24,52,15,361,234,264,2015 Report Week 04
672166,905255,341496,043,043602,CBT,CHI,F30,-117272,-4528,8379,32325,-12528,2919,-4912,-21022,9702,7623,-8927,-49064,14848,-20383,-2676,-56687,-40137,"T-NOTES, 6.5-10 YEAR",FINANCIAL INSTRUMENTS,"T-NOTES, 6.5-10 YEAR",Interest Rates - U.S. Treasury,29.0,20.1,39.2,28.6,26.9,15.2,35.6,21.0,UST 10Y NOTE,"(CONTRACTS OF $100,000 FACE VALUE)",232629,131622,18449,FutOnly,150203043602F,491800,508436,118755,10-YEAR U.S. TREASURY NOTES - CHICAGO BOARD OF TRADE,347291,420264,2624479,367183,145492,34710,25.6,34.5,13.0,8.9,5.0,0.7,18.7,19.4,4.5,13.2,16.0,14.0,5.5,1.3,86.8,84.0,100.0,2015-02-03T00:00:00.000,2277188,2204215,39,84,63,24,26,11,49,62,59,29,51,17,364,235,279,2015 Report Week 05
279847,448342,116473,042,042601,CBT,CHI,F30,21812,13666,8587,17110,-14993,3744,26514,16804,16161,-743,6183,44537,-46118,-3085,-2530,45280,38354,"T-NOTES, 1-2 YEAR",FINANCIAL INSTRUMENTS,"T-NOTES, 1-2 YEAR",Interest Rates - U.S. Treasury,23.2,29.0,36.5,39.2,20.9,29.0,33.6,37.1,UST 2Y NOTE,"(CONTRACTS OF $200,000 FACE VALUE)",100110,138611,12206,FutOnly,150203042601F,592686,182917,62600,2-YEAR U.S. TREASURY NOTES - CHICAGO BOARD OF TRADE,105190,149038,1349569,74483,233408,5974,20.7,33.2,8.6,7.4,10.3,0.9,43.9,13.6,4.6,7.8,11.0,5.5,17.3,0.4,92.2,89.0,100.0,2015-02-03T00:00:00.000,1244379,1200531,42,41,40,13,38,7,43,35,27,16,36,8,264,146,200,2015 Report Week 05
542599,871538,323040,043,043602,CBT,CHI,F30,-129567,-33717,-18456,-39958,3020,-1700,103219,-23983,-13387,-1579,9701,-66693,37176,14270,-2441,-65114,-76394,"T-NOTES, 6.5-10 YEAR",FINANCIAL INSTRUMENTS,"T-NOTES, 6.5-10 YEAR",Interest Rates - U.S. Treasury,27.0,19.0,36.3,27.4,24.8,14.2,33.0,20.4,UST 10Y NOTE,"(CONTRACTS OF $100,000 FACE VALUE)",192671,134642,16749,FutOnly,150210043602F,595019,484453,105368,10-YEAR U.S. TREASURY NOTES - CHICAGO BOARD OF TRADE,345712,429965,2557786,404359,159762,32269,21.2,34.1,12.6,7.5,5.3,0.7,23.3,18.9,4.1,13.5,16.8,15.8,6.2,1.3,86.5,83.2,100.0,2015-02-10T00:00:00.000,2212074,2127821,43,87,66,28,25,15,65,61,62,29,50,12,388,260,283,2015 Report Week 06
266566,438195,120652,042,042601,CBT,CHI,F30,-13281,-10147,4179,1134,26308,2594,56033,11703,25851,-176,9485,87875,5659,12020,5882,88051,78390,"T-NOTES, 1-2 YEAR",FINANCIAL INSTRUMENTS,"T-NOTES, 1-2 YEAR",Interest Rates - U.S. Treasury,28.0,27.2,41.0,37.3,25.9,27.2,36.8,34.9,UST 2Y NOTE,"(CONTRACTS OF $200,000 FACE VALUE)",101244,164919,14800,FutOnly,150210042601F,648719,194620,88451,2-YEAR U.S. TREASURY NOTES - CHICAGO BOARD OF TRADE,105014,158523,1437444,80142,245428,11856,18.5,30.5,8.4,7.0,11.5,1.0,45.1,13.5,6.2,7.3,11.0,5.6,17.1,0.8,92.7,89.0,100.0,2015-02-10T00:00:00.000,1332430,1278921,46,38,40,14,42,9,42,36,30,15,38,10,271,153,207,2015 Report Week 06
261236,464223,117757,042,042601,CBT,CHI,F30,-5330,26028,-2895,31,32907,4292,58489,12600,72154,-6854,-5034,151224,27993,7828,3344,158078,156258,"T-NOTES, 1-2 YEAR",FINANCIAL INSTRUMENTS,"T-NOTES, 1-2 YEAR",Interest Rates - U.S. Treasury,30.7,25.0,44.7,36.2,25.3,25.0,37.0,32.7,UST 2Y NOTE,"(CONTRACTS OF $200,000 FACE VALUE)",101275,197826,19092,FutOnly,150217042601F,707208,207220,160605,2-YEAR U.S. TREASURY NOTES - CHICAGO BOARD OF TRADE,98160,153489,1588668,108135,253256,15200,16.4,29.2,7.4,6.4,12.5,1.2,44.5,13.0,10.1,6.2,9.7,6.8,15.9,1.0,93.8,90.3,100.0,2015-02-17T00:00:00.000,1490508,1435179,43,42,40,14,40,8,45,37,34,15,40,12,276,157,213,2015 Report Week 07
555541,853548,334373,043,043602,CBT,CHI,F30,12942,-17990,11333,-2082,-8464,7511,-13481,36900,26438,-19918,-19205,35800,14563,783,-1506,55718,55005,"T-NOTES, 6.5-10 YEAR",FINANCIAL INSTRUMENTS,"T-NOTES, 6.5-10 YEAR",Interest Rates - U.S. Treasury,27.3,17.3,37.5,26.0,25.1,13.7,33.8,19.4,UST 10Y NOTE,"(CONTRACTS OF $100,000 FACE VALUE)",190589,126178,24260,FutOnly,150217043602F,581538,521353,131806,10-YEAR U.S. TREASURY NOTES - CHICAGO BOARD OF TRADE,325794,410760,2593586,418922,160545,30763,21.4,32.9,12.9,7.3,4.9,0.9,22.4,20.1,5.1,12.6,15.8,16.2,6.2,1.2,87.4,84.2,100.0,2015-02-17T00:00:00.000,2267792,2182826,44,89,70,35,27,18,62,63,57,34,47,18,401,273,291,2015 Report Week 07
716956,800327,342893,043,043602,CBT,CHI,F30,161415,-53221,8520,-64037,-12401,29545,-50836,53991,19070,19224,14962,73451,-47025,15410,-2425,54227,58489,"T-NOTES, 6.5-10 YEAR",FINANCIAL INSTRUMENTS,"T-NOTES, 6.5-10 YEAR",Interest Rates - U.S. Treasury,31.0,17.7,40.3,26.3,28.9,14.1,35.6,20.7,UST 10Y NOTE,"(CONTRACTS OF $100,000 FACE VALUE)",126552,113777,53805,FutOnly,150224043602F,530702,575344,150876,10-YEAR U.S. TREASURY NOTES - CHICAGO BOARD OF TRADE,345018,425722,2667037,371897,175955,28338,26.9,30.0,12.9,4.7,4.3,2.0,19.9,21.6,5.7,12.9,16.0,13.9,6.6,1.1,87.1,84.0,100.0,2015-02-24T00:00:00.000,2322019,2241315,43,79,73,23,26,24,53,68,65,26,48,13,367,248,294,2015 Report Week 08
233600,452484,122805,042,042601,CBT,CHI,F30,-27636,-11739,5048,-25697,-34428,9364,-16436,-9004,6844,22112,14662,-47024,-15243,-22391,-5380,-69136,-61686,"T-NOTES, 1-2 YEAR",FINANCIAL INSTRUMENTS,"T-NOTES, 1-2 YEAR",Interest Rates - U.S. Treasury,30.7,23.7,43.9,34.9,24.7,23.7,36.0,31.5,UST 2Y NOTE,"(CONTRACTS OF $200,000 FACE VALUE)",75578,163398,28456,FutOnly,150224042601F,690772,198216,167449,2-YEAR U.S. TREASURY NOTES - CHICAGO BOARD OF TRADE,120272,168151,1541644,92892,230865,9820,15.2,29.4,8.0,4.9,10.6,1.8,44.8,12.9,10.9,7.8,10.9,6.0,15.0,0.6,92.2,89.1,100.0,2015-02-24T00:00:00.000,1421372,1373493,37,47,40,13,36,10,44,33,38,11,39,10,262,153,207,2015 Report Week 08
260252,441935,109246,042,042601,CBT,CHI,F30,26652,-10549,-13559,-25030,-44102,-15204,-60727,18169,-106938,-15978,-18900,-194980,17102,-2599,-1298,-179002,-176080,"T-NOTES, 1-2 YEAR",FINANCIAL INSTRUMENTS,"T-NOTES, 1-2 YEAR",Interest Rates - U.S. Treasury,27.1,26.5,42.3,36.0,25.4,26.5,39.9,34.6,UST 2Y NOTE,"(CONTRACTS OF $200,000 FACE VALUE)",50548,119296,13252,FutOnly,150303042601F,630045,216385,60511,2-YEAR U.S. TREASURY NOTES - CHICAGO BOARD OF TRADE,104294,149251,1346664,109994,228266,8522,19.3,32.8,8.1,3.8,8.9,1.0,46.8,16.1,4.5,7.7,11.1,8.2,17.0,0.6,92.3,88.9,100.0,2015-03-03T00:00:00.000,1242370,1197413,38,49,39,13,30,11,46,34,30,14,37,9,261,152,198,2015 Report Week 09
792400,773567,307289,043,043602,CBT,CHI,F30,75444,-26760,-35604,-8634,-19389,-17776,-22624,78243,-48319,-40818,-6073,-64803,31154,8501,2374,-23985,-58730,"T-NOTES, 6.5-10 YEAR",FINANCIAL INSTRUMENTS,"T-NOTES, 6.5-10 YEAR",Interest Rates - U.S. Treasury,33.7,18.7,43.7,26.4,31.8,15.6,39.8,21.2,UST 10Y NOTE,"(CONTRACTS OF $100,000 FACE VALUE)",117918,94388,36029,FutOnly,150303043602F,508078,653587,102557,10-YEAR U.S. TREASURY NOTES - CHICAGO BOARD OF TRADE,304200,419649,2602234,403051,184456,30712,30.5,29.7,11.8,4.5,3.6,1.4,19.5,25.1,3.9,11.7,16.1,15.5,7.1,1.2,88.3,83.9,100.0,2015-03-03T00:00:00.000,2298034,2182585,42,80,68,24,24,20,51,74,44,26,50,11,371,233,281,2015 Report Week 09
864404,836234,273647,043,043602,CBT,CHI,F30,72004,62667,-33642,3193,12441,-7003,-36224,1163,-23806,-13724,14118,14441,52879,-12261,764,28165,323,"T-NOTES, 6.5-10 YEAR",FINANCIAL INSTRUMENTS,"T-NOTES, 6.5-10 YEAR",Interest Rates - U.S. Treasury,35.1,18.2,45.1,26.8,32.7,15.4,41.4,22.6,UST 10Y NOTE,"(CONTRACTS OF $100,000 FACE VALUE)",121111,106829,29026,FutOnly,150310043602F,471854,654750,78751,10-YEAR U.S. TREASURY NOTES - CHICAGO BOARD OF TRADE,290476,433767,2616675,455930,172195,31476,33.0,32.0,10.5,4.6,4.1,1.1,18.0,25.0,3.0,11.1,16.6,17.4,6.6,1.2,88.9,83.4,100.0,2015-03-10T00:00:00.000,2326199,2182908,42,81,65,24,24,15,60,66,47,26,48,12,371,238,272,2015 Report Week 10
258685,444687,107781,042,042601,CBT,CHI,F30,-1567,2752,-1465,-5145,38508,-6558,-27379,-20241,-23731,3708,487,-12991,48684,-3205,462,-16699,-13478,"T-NOTES, 1-2 YEAR",FINANCIAL INSTRUMENTS,"T-NOTES, 1-2 YEAR",Interest Rates - U.S. Treasury,31.0,25.6,45.6,35.5,30.4,25.6,44.4,34.2,UST 2Y NOTE,"(CONTRACTS OF $200,000 FACE VALUE)",45403,157804,6694,FutOnly,150310042601F,602666,196144,36780,2-YEAR U.S. TREASURY NOTES - CHICAGO BOARD OF TRADE,108002,149738,1333673,158678,225061,8984,19.4,33.3,8.1,3.4,11.8,0.5,45.2,14.7,2.8,8.1,11.2,11.9,16.9,0.7,91.9,88.8,100.0,2015-03-10T00:00:00.000,1225671,1183935,38,47,40,10,32,7,46,38,30,12,38,9,261,144,203,2015 Report Week 10
241455,439065,110835,042,042601,CBT,CHI,F30,-17230,-5622,3054,-5924,-21096,6390,-16547,3128,9280,-11509,-18769,-10233,27817,18966,-5564,1276,8536,"T-NOTES, 1-2 YEAR",FINANCIAL INSTRUMENTS,"T-NOTES, 1-2 YEAR",Interest Rates - U.S. Treasury,30.5,26.2,44.2,36.1,30.2,26.2,42.3,34.9,UST 2Y NOTE,"(CONTRACTS OF $200,000 FACE VALUE)",39479,136708,13084,FutOnly,150317042601F,586119,199272,46060,2-YEAR U.S. TREASURY NOTES - CHICAGO BOARD OF TRADE,96493,130969,1323440,186495,244027,3420,18.2,33.2,8.4,3.0,10.3,1.0,44.3,15.1,3.5,7.3,9.9,14.1,18.4,0.3,92.7,90.1,100.0,2015-03-17T00:00:00.000,1226947,1192471,38,47,39,11,27,6,48,32,28,16,42,8,261,150,192,2015 Report Week 11
847244,814974,305704,043,043602,CBT,CHI,F30,-17160,-21260,32057,-20361,16762,-1306,8341,15212,6858,-136,-24415,12456,11492,-4123,-7329,12592,36871,"T-NOTES, 6.5-10 YEAR",FINANCIAL INSTRUMENTS,"T-NOTES, 6.5-10 YEAR",Interest Rates - U.S. Treasury,36.4,18.6,46.5,27.1,33.9,16.5,42.2,23.0,UST 10Y NOTE,"(CONTRACTS OF $100,000 FACE VALUE)",100750,123591,27720,FutOnly,150317043602F,480195,669962,85609,10-YEAR U.S. TREASURY NOTES - CHICAGO BOARD OF TRADE,290340,409352,2629131,467422,168072,24147,32.2,31.0,11.6,3.8,4.7,1.1,18.3,25.5,3.3,11.0,15.6,17.8,6.4,0.9,89.0,84.4,100.0,2015-03-17T00:00:00.000,2338791,2219779,42,85,67,17,35,15,62,62,48,26,50,13,379,236,286,2015 Report Week 11
897434,849070,322352,043,043602,CBT,CHI,F30,50190,34096,16648,17683,25030,-5943,61944,59641,11573,31352,-8277,176286,-30703,19976,23542,144934,184563,"T-NOTES, 6.5-10 YEAR",FINANCIAL INSTRUMENTS,"T-NOTES, 6.5-10 YEAR",Interest Rates - U.S. Treasury,37.4,19.1,47.5,27.2,34.4,16.9,43.0,22.8,UST 10Y NOTE,"(CONTRACTS OF $100,000 FACE VALUE)",118433,148621,21777,FutOnly,150324043602F,542139,729603,97182,10-YEAR U.S. TREASURY NOTES - CHICAGO BOARD OF TRADE,321692,401075,2805417,436719,188048,47689,32.0,30.3,11.5,4.2,5.3,0.8,19.3,26.0,3.5,11.5,14.3,15.6,6.7,1.7,88.5,85.7,100.0,2015-03-24T00:00:00.000,2483725,2404342,39,90,69,22,30,9,58,66,43,28,55,18,388,234,293,2015 Report Week 12
220456,430260,120347,042,042601,CBT,CHI,F30,-20999,-8805,9512,5167,-14544,-6808,46626,-29027,-4790,11054,13777,46738,5763,86210,1213,35684,32961,"T-NOTES, 1-2 YEAR",FINANCIAL INSTRUMENTS,"T-NOTES, 1-2 YEAR",Interest Rates - U.S. Treasury,31.0,30.1,43.5,39.2,30.7,30.1,41.6,38.1,UST 2Y NOTE,"(CONTRACTS OF $200,000 FACE VALUE)",44646,122164,6276,FutOnly,150324042601F,632745,170245,41270,2-YEAR U.S. TREASURY NOTES - CHICAGO BOARD OF TRADE,107547,144746,1370178,192258,330237,4633,16.1,31.4,8.8,3.3,8.9,0.5,46.2,12.4,3.0,7.8,10.6,14.0,24.1,0.3,92.2,89.4,100.0,2015-03-24T00:00:00.000,1262631,1225432,38,48,40,12,28,5,53,30,26,13,47,10,269,151,199,2015 Report Week 12
260953,402990,121938,042,042601,CBT,CHI,F30,40497,-27270,1591,8103,-9386,4356,-106467,-10535,14405,11235,11923,-16342,6665,-4699,3273,-27577,-28265,"T-NOTES, 1-2 YEAR",FINANCIAL INSTRUMENTS,"T-NOTES, 1-2 YEAR",Interest Rates - U.S. Treasury,27.3,30.3,39.8,39.4,27.1,30.3,38.0,38.4,UST 2Y NOTE,"(CONTRACTS OF $200,000 FACE VALUE)",52749,112778,10632,FutOnly,150331042601F,526278,159710,55675,2-YEAR U.S. TREASURY NOTES - CHICAGO BOARD OF TRADE,118782,156669,1353836,198923,325538,7906,19.3,29.8,9.0,3.9,8.3,0.8,38.9,11.8,4.1,8.8,11.6,14.7,24.0,0.6,91.2,88.4,100.0,2015-03-31T00:00:00.000,1235054,1197167,41,46,40,13,24,5,49,30,25,11,46,11,260,151,190,2015 Report Week 13
846074,823225,354696,043,043602,CBT,CHI,F30,-51360,-25845,32344,3614,-36777,-111,-15674,-20469,6798,-8369,25233,-37754,8286,-5645,-13282,-29385,-62987,"T-NOTES, 6.5-10 YEAR",FINANCIAL INSTRUMENTS,"T-NOTES, 6.5-10 YEAR",Interest Rates - U.S. Treasury,36.3,18.8,46.6,28.4,32.4,16.7,41.2,22.9,UST 10Y NOTE,"(CONTRACTS OF $100,000 FACE VALUE)",122047,111844,21666,FutOnly,150331043602F,526465,709134,103980,10-YEAR U.S. TREASURY NOTES - CHICAGO BOARD OF TRADE,313323,426308,2767663,445005,182403,34407,30.6,29.7,12.8,4.4,4.0,0.8,19.0,25.6,3.8,11.3,15.4,16.1,6.6,1.2,88.7,84.6,100.0,2015-03-31T00:00:00.000,2454340,2341355,42,88,69,23,20,8,67,56,44,25,50,13,371,241,264,2015 Report Week 13
906951,841370,352256,043,043602,CBT,CHI,F30,60877,18145,-2440,10271,15380,2891,-51401,14093,-1995,19151,-16470,30849,-10337,-2587,3832,11698,47319,"T-NOTES, 6.5-10 YEAR",FINANCIAL INSTRUMENTS,"T-NOTES, 6.5-10 YEAR",Interest Rates - U.S. Treasury,36.5,18.8,46.5,28.4,32.4,16.4,40.4,23.4,UST 10Y NOTE,"(CONTRACTS OF $100,000 FACE VALUE)",132318,127224,24557,FutOnly,150407043602F,475064,723227,101985,10-YEAR U.S. TREASURY NOTES - CHICAGO BOARD OF TRADE,332474,409838,2798512,434668,179816,38239,32.4,30.1,12.6,4.7,4.5,0.9,17.0,25.8,3.6,11.9,14.6,15.5,6.4,1.4,88.1,85.4,100.0,2015-04-07T00:00:00.000,2466038,2388674,48,86,75,27,21,9,59,59,49,26,50,14,376,246,277,2015 Report Week 14
255790,417640,117652,042,042601,CBT,CHI,F30,-5163,14650,-4286,-9618,-12399,-1292,-2881,3234,-563,-197,-8644,-20295,4596,-10104,-891,-20098,-11651,"T-NOTES, 1-2 YEAR",FINANCIAL INSTRUMENTS,"T-NOTES, 1-2 YEAR",Interest Rates - U.S. Treasury,27.2,30.9,39.8,40.3,27.0,30.9,38.6,39.0,UST 2Y NOTE,"(CONTRACTS OF $200,000 FACE VALUE)",43131,100379,9340,FutOnly,150407042601F,523397,162944,55112,2-YEAR U.S. TREASURY NOTES - CHICAGO BOARD OF TRADE,118585,148025,1333541,203519,315434,7015,19.2,31.3,8.8,3.2,7.5,0.7,39.2,12.2,4.1,8.9,11.1,15.3,23.7,0.5,91.1,88.9,100.0,2015-04-07T00:00:00.000,1214956,1185516,38,46,40,10,29,,51,33,26,13,40,10,260,150,189,2015 Report Week 14
899505,854785,344627,043,043602,CBT,CHI,F30,-7446,13415,-7629,-31771,25103,-1932,33187,-4356,7726,6701,-7590,14940,19717,-6184,-3613,8239,22530,"T-NOTES, 6.5-10 YEAR",FINANCIAL INSTRUMENTS,"T-NOTES, 6.5-10 YEAR",Interest Rates - U.S. Treasury,35.9,18.8,45.9,28.1,32.0,16.4,39.6,23.8,UST 10Y NOTE,"(CONTRACTS OF $100,000 FACE VALUE)",100547,152327,22625,FutOnly,150414043602F,508251,718871,109711,10-YEAR U.S. TREASURY NOTES - CHICAGO BOARD OF TRADE,339175,402248,2813452,454385,173632,34626,32.0,30.4,12.2,3.6,5.4,0.8,18.1,25.6,3.9,12.1,14.3,16.2,6.2,1.2,87.9,85.7,100.0,2015-04-14T00:00:00.000,2474277,2411204,46,84,69,19,29,13,58,69,58,28,51,16,384,247,293,2015 Report Week 15
239092,425750,119223,042,042601,CBT,CHI,F30,-16698,8110,1571,6670,15622,-2952,64261,8737,-3288,7808,2795,44676,-12613,14164,-83,36868,41881,"T-NOTES, 1-2 YEAR",FINANCIAL INSTRUMENTS,"T-NOTES, 1-2 YEAR",Interest Rates - U.S. Treasury,25.2,29.9,37.5,38.9,24.9,29.9,36.7,37.8,UST 2Y NOTE,"(CONTRACTS OF $200,000 FACE VALUE)",49801,116001,6388,FutOnly,150414042601F,587658,171681,51824,2-YEAR U.S. TREASURY NOTES - CHICAGO BOARD OF TRADE,126393,150820,1378217,190906,329598,6932,17.3,30.9,8.7,3.6,8.4,0.5,42.6,12.5,3.8,9.2,10.9,13.9,23.9,0.5,90.8,89.1,100.0,2015-04-14T00:00:00.000,1251824,1227397,39,48,41,9,28,,51,31,26,14,45,11,265,151,195,2015 Report Week 15
238285,422061,120542,042,042601,CBT,CHI,F30,-807,-3689,1319,2090,15059,-338,15335,-7872,7335,-3455,7387,21402,214,2492,-291,24857,14015,"T-NOTES, 1-2 YEAR",FINANCIAL INSTRUMENTS,"T-NOTES, 1-2 YEAR",Interest Rates - U.S. Treasury,25.1,29.3,38.0,38.6,24.6,29.3,36.9,37.1,UST 2Y NOTE,"(CONTRACTS OF $200,000 FACE VALUE)",51891,131060,6050,FutOnly,150421042601F,602993,163809,59159,2-YEAR U.S. TREASURY NOTES - CHICAGO BOARD OF TRADE,122938,158207,1399619,191120,332090,6641,17.0,30.2,8.6,3.7,9.4,0.4,43.1,11.7,4.2,8.8,11.3,13.7,23.7,0.5,91.2,88.7,100.0,2015-04-21T00:00:00.000,1276681,1241412,38,47,40,10,29,4,52,33,29,15,45,10,269,153,199,2015 Report Week 16
989847,824412,332876,043,043602,CBT,CHI,F30,90342,-30373,-11751,24398,-3734,-228,-80605,32900,23388,-17052,20223,25532,-5256,-7189,2296,42584,5309,"T-NOTES, 6.5-10 YEAR",FINANCIAL INSTRUMENTS,"T-NOTES, 6.5-10 YEAR",Interest Rates - U.S. Treasury,39.2,18.7,48.8,28.0,35.6,16.4,42.9,24.1,UST 10Y NOTE,"(CONTRACTS OF $100,000 FACE VALUE)",124945,148593,22397,FutOnly,150421043602F,427646,751771,133099,10-YEAR U.S. TREASURY NOTES - CHICAGO BOARD OF TRADE,322123,422471,2838984,449129,166443,36922,34.9,29.0,11.7,4.4,5.2,0.8,15.1,26.5,4.7,11.3,14.9,15.8,5.9,1.3,88.7,85.1,100.0,2015-04-21T00:00:00.000,2516861,2416513,45,82,69,20,27,12,58,68,62,31,43,16,374,246,287,2015 Report Week 16
972030,856391,328960,043,043602,CBT,CHI,F30,-17817,31979,-3916,10286,12962,-2491,-8216,-15719,14778,11464,-12887,2759,17735,-2883,-19064,-8705,15646,"T-NOTES, 6.5-10 YEAR",FINANCIAL INSTRUMENTS,"T-NOTES, 6.5-10 YEAR",Interest Rates - U.S. Treasury,38.3,19.0,48.2,28.4,34.7,16.8,42.9,24.7,UST 10Y NOTE,"(CONTRACTS OF $100,000 FACE VALUE)",135231,161555,19906,FutOnly,150428043602F,419430,736052,147877,10-YEAR U.S. TREASURY NOTES - CHICAGO BOARD OF TRADE,333587,409584,2841743,466864,163560,17858,34.2,30.1,11.6,4.8,5.7,0.7,14.8,25.9,5.2,11.7,14.4,16.4,5.8,0.6,88.3,85.6,100.0,2015-04-28T00:00:00.000,2508156,2432159,45,83,71,22,25,10,64,64,54,25,46,14,374,246,277,2015 Report Week 17
245267,433212,116380,042,042601,CBT,CHI,F30,6982,11151,-4162,-2536,-14498,2854,30163,8480,7540,3089,4880,24934,-17508,10177,-1488,21845,20054,"T-NOTES, 1-2 YEAR",FINANCIAL INSTRUMENTS,"T-NOTES, 1-2 YEAR",Interest Rates - U.S. Treasury,23.9,29.1,37.3,38.3,23.0,29.1,36.0,36.9,UST 2Y NOTE,"(CONTRACTS OF $200,000 FACE VALUE)",49355,116562,8904,FutOnly,150428042601F,633156,172289,66699,2-YEAR U.S. TREASURY NOTES - CHICAGO BOARD OF TRADE,126027,163087,1424553,173612,342267,5153,17.2,30.4,8.2,3.5,8.2,0.6,44.4,12.1,4.7,8.8,11.4,12.2,24.0,0.4,91.2,88.6,100.0,2015-04-28T00:00:00.000,1298526,1261466,39,47,40,12,30,8,51,32,24,16,40,9,267,154,194,2015 Report Week 17
240140,441165,119071,042,042601,CBT,CHI,F30,-5127,7953,2691,7900,-15904,-4412,14778,-8907,-667,-9141,-6169,-14763,-22250,9187,1465,-5622,-8594,"T-NOTES, 1-2 YEAR",FINANCIAL INSTRUMENTS,"T-NOTES, 1-2 YEAR",Interest Rates - U.S. Treasury,25.2,29.3,38.5,38.9,25.0,29.3,37.4,37.1,UST 2Y NOTE,"(CONTRACTS OF $200,000 FACE VALUE)",57255,100658,4492,FutOnly,150505042601F,647934,163382,66032,2-YEAR U.S. TREASURY NOTES - CHICAGO BOARD OF TRADE,116886,156918,1409790,151362,351454,6618,17.0,31.3,8.4,4.1,7.1,0.3,46.0,11.6,4.7,8.3,11.1,10.7,24.9,0.5,91.7,88.9,100.0,2015-05-05T00:00:00.000,1292904,1252872,40,48,41,12,26,8,51,26,19,15,38,9,256,151,182,2015 Report Week 18
1035075,877993,305819,043,043602,CBT,CHI,F30,63045,21602,-23141,19859,-19933,674,-45659,-5745,-3702,-32716,18520,9842,25848,15933,5634,42558,-8678,"T-NOTES, 6.5-10 YEAR",FINANCIAL INSTRUMENTS,"T-NOTES, 6.5-10 YEAR",Interest Rates - U.S. Treasury,37.9,19.0,48.8,27.3,35.3,16.1,44.5,23.0,UST 10Y NOTE,"(CONTRACTS OF $100,000 FACE VALUE)",155090,141622,20580,FutOnly,150505043602F,373771,730307,144175,10-YEAR U.S. TREASURY NOTES - CHICAGO BOARD OF TRADE,300871,428104,2851585,492712,179493,23492,36.3,30.8,10.7,5.4,5.0,0.7,13.1,25.6,5.1,10.6,15.0,17.3,6.3,0.8,89.4,85.0,100.0,2015-05-05T00:00:00.000,2550714,2423481,45,84,73,26,29,16,58,75,59,26,49,17,392,255,302,2015 Report Week 18
1017565,905087,285773,043,043602,CBT,CHI,F30,-17510,27094,-20046,13376,16311,-1125,46658,-91231,9214,-12184,19045,-25900,-54269,4852,9986,-13716,-44945,"T-NOTES, 6.5-10 YEAR",FINANCIAL INSTRUMENTS,"T-NOTES, 6.5-10 YEAR",Interest Rates - U.S. Treasury,37.1,16.7,47.5,25.2,35.2,13.8,43.0,21.7,UST 10Y NOTE,"(CONTRACTS OF $100,000 FACE VALUE)",168466,157933,19455,FutOnly,150512043602F,420429,639076,153389,10-YEAR U.S. TREASURY NOTES - CHICAGO BOARD OF TRADE,288687,447149,2825685,438443,184345,33478,36.0,32.0,10.1,6.0,5.6,0.7,14.9,22.6,5.4,10.2,15.8,15.5,6.5,1.2,89.8,84.2,100.0,2015-05-12T00:00:00.000,2536998,2378536,46,88,75,21,35,17,65,69,64,27,49,14,400,263,307,2015 Report Week 19
228483,437998,119686,042,042601,CBT,CHI,F30,-11657,-3167,615,-24660,4716,1320,-59848,13453,23090,-4830,-7891,-61848,251,-107855,13871,-57018,-53957,"T-NOTES, 1-2 YEAR",FINANCIAL INSTRUMENTS,"T-NOTES, 1-2 YEAR",Interest Rates - U.S. Treasury,27.8,23.1,40.2,33.5,26.5,23.1,37.2,31.1,UST 2Y NOTE,"(CONTRACTS OF $200,000 FACE VALUE)",32595,105374,5812,FutOnly,150512042601F,588086,176835,89122,2-YEAR U.S. TREASURY NOTES - CHICAGO BOARD OF TRADE,112056,149027,1347942,151613,243599,20489,17.0,32.5,8.9,2.4,7.8,0.4,43.6,13.1,6.6,8.3,11.1,11.2,18.1,1.5,91.7,88.9,100.0,2015-05-12T00:00:00.000,1235886,1198915,40,46,41,11,27,6,51,32,25,20,39,9,266,157,190,2015 Report Week 19
999694,915544,295200,043,043602,CBT,CHI,F30,-17871,10457,9427,56719,-31257,2978,13779,63988,17795,4490,-2514,47121,-27482,-11039,-12714,42631,49635,"T-NOTES, 6.5-10 YEAR",FINANCIAL INSTRUMENTS,"T-NOTES, 6.5-10 YEAR",Interest Rates - U.S. Treasury,35.5,17.8,45.9,26.4,33.2,14.9,40.9,22.5,UST 10Y NOTE,"(CONTRACTS OF $100,000 FACE VALUE)",225185,126676,22433,FutOnly,150519043602F,434208,703064,171184,10-YEAR U.S. TREASURY NOTES - CHICAGO BOARD OF TRADE,293177,444635,2872806,410961,173306,20764,34.8,31.9,10.3,7.8,4.4,0.8,15.1,24.5,6.0,10.2,15.5,14.3,6.0,0.7,89.8,84.5,100.0,2015-05-19T00:00:00.000,2579629,2428171,49,87,75,30,25,15,57,67,67,32,43,15,390,271,291,2015 Report Week 20
229185,447922,115838,042,042601,CBT,CHI,F30,702,9924,-3848,17567,-15408,-2270,-33029,34638,38910,7956,4267,13830,-30694,-70919,18536,5874,9563,"T-NOTES, 1-2 YEAR",FINANCIAL INSTRUMENTS,"T-NOTES, 1-2 YEAR",Interest Rates - U.S. Treasury,26.8,20.9,39.6,32.2,23.9,19.5,34.4,28.1,UST 2Y NOTE,"(CONTRACTS OF $200,000 FACE VALUE)",50162,89966,3542,FutOnly,150519042601F,555057,211473,128032,2-YEAR U.S. TREASURY NOTES - CHICAGO BOARD OF TRADE,120012,153294,1361772,120919,172680,39025,16.8,32.9,8.5,3.7,6.6,0.3,40.8,15.5,9.4,8.8,11.3,8.9,12.7,2.9,91.2,88.7,100.0,2015-05-19T00:00:00.000,1241760,1208478,36,48,40,12,27,5,49,37,29,20,39,10,270,159,195,2015 Report Week 20
1054521,901815,459744,043,043602,CBT,CHI,F30,54827,-13729,164544,-59438,2456,19662,-4963,18049,86199,54887,44341,313513,-21814,-27618,19609,258626,269172,"T-NOTES, 6.5-10 YEAR",FINANCIAL INSTRUMENTS,"T-NOTES, 6.5-10 YEAR",Interest Rates - U.S. Treasury,34.8,18.8,45.5,28.8,30.7,14.4,37.0,21.6,UST 10Y NOTE,"(CONTRACTS OF $100,000 FACE VALUE)",165747,129132,42095,FutOnly,150526043602F,429245,721113,257383,10-YEAR U.S. TREASURY NOTES - CHICAGO BOARD OF TRADE,348064,488976,3186319,389147,145688,40373,33.1,28.3,14.4,5.2,4.1,1.3,13.5,22.6,8.1,10.9,15.3,12.2,4.6,1.3,89.1,84.7,100.0,2015-05-26T00:00:00.000,2838255,2697343,45,80,74,19,28,18,53,69,69,31,41,18,366,262,283,2015 Report Week 21
212387,434284,121090,042,042601,CBT,CHI,F30,-16798,-13638,5252,-17058,12008,29862,126,-14171,80056,10376,28206,72781,8274,-27485,-27309,62405,44575,"T-NOTES, 1-2 YEAR",FINANCIAL INSTRUMENTS,"T-NOTES, 1-2 YEAR",Interest Rates - U.S. Treasury,24.1,22.2,36.8,33.3,21.6,18.1,32.6,26.2,UST 2Y NOTE,"(CONTRACTS OF $200,000 FACE VALUE)",33104,101974,33404,FutOnly,150526042601F,555183,197302,208088,2-YEAR U.S. TREASURY NOTES - CHICAGO BOARD OF TRADE,130388,181500,1434553,129193,145195,11716,14.8,30.3,8.4,2.3,7.1,2.3,38.7,13.8,14.5,9.1,12.7,9.0,10.1,0.8,90.9,87.3,100.0,2015-05-26T00:00:00.000,1304165,1253053,35,43,40,8,28,13,51,34,35,18,36,11,257,162,194,2015 Report Week 21
1068950,875112,277572,043,043602,CBT,CHI,F30,14429,-26703,-182172,-24827,-7040,1514,-45156,-46957,-50478,-55088,-26944,-366447,441,-2557,-25110,-311359,-339503,"T-NOTES, 6.5-10 YEAR",FINANCIAL INSTRUMENTS,"T-NOTES, 6.5-10 YEAR",Interest Rates - U.S. Treasury,37.6,18.2,47.4,27.6,35.4,15.1,41.6,22.0,UST 10Y NOTE,"(CONTRACTS OF $100,000 FACE VALUE)",140920,122092,43609,FutOnly,150602043602F,384089,674156,206905,10-YEAR U.S. TREASURY NOTES - CHICAGO BOARD OF TRADE,292976,462032,2819872,389588,143131,15263,37.9,31.0,9.8,5.0,4.3,1.5,13.6,23.9,7.3,10.4,16.4,13.8,5.1,0.5,89.6,83.6,100.0,2015-06-02T00:00:00.000,2526896,2357840,45,85,68,18,29,20,45,81,50,33,41,11,377,234,292,2015 Report Week 22
219834,409425,120279,042,042601,CBT,CHI,F30,7447,-24859,-811,-11408,-67,-25037,-67089,-20661,-137530,-13116,-32841,-259031,-5567,-11305,-5920,-245915,-226190,"T-NOTES, 1-2 YEAR",FINANCIAL INSTRUMENTS,"T-NOTES, 1-2 YEAR",Interest Rates - U.S. Treasury,21.0,22.0,35.9,32.1,20.9,22.0,33.7,31.0,UST 2Y NOTE,"(CONTRACTS OF $200,000 FACE VALUE)",21696,101907,8367,FutOnly,150602042601F,488094,176641,70558,2-YEAR U.S. TREASURY NOTES - CHICAGO BOARD OF TRADE,117272,148659,1175522,123626,133890,5796,18.7,34.8,10.2,1.8,8.7,0.7,41.5,15.0,6.0,10.0,12.6,10.5,11.4,0.5,90.0,87.4,100.0,2015-06-02T00:00:00.000,1058250,1026863,39,44,37,8,29,11,51,27,27,18,43,8,260,154,189,2015 Report Week 22
1081966,931660,281722,043,043602,CBT,CHI,F30,13016,56548,4150,5031,65368,-25360,50560,-99834,-57765,-26043,-5245,-42294,-4256,21471,-1627,-16251,-37049,"T-NOTES, 6.5-10 YEAR",FINANCIAL INSTRUMENTS,"T-NOTES, 6.5-10 YEAR",Interest Rates - U.S. Treasury,36.9,16.0,47.7,24.6,34.4,13.6,42.2,20.4,UST 10Y NOTE,"(CONTRACTS OF $100,000 FACE VALUE)",145951,187460,18249,FutOnly,150609043602F,434649,574322,149140,10-YEAR U.S. TREASURY NOTES - CHICAGO BOARD OF TRADE,266933,456787,2777578,385332,164602,13636,39.0,33.5,10.1,5.3,6.7,0.7,15.6,20.7,5.4,9.6,16.4,13.9,5.9,0.5,90.4,83.6,100.0,2015-06-09T00:00:00.000,2510645,2320791,46,86,71,17,34,12,60,72,52,31,39,9,385,244,285,2015 Report Week 23
211822,415184,113081,042,042601,CBT,CHI,F30,-8012,5759,-7198,12977,-16783,-5168,20418,9214,-1103,-5837,-5371,-23251,-28712,-1985,-616,-17414,-17880,"T-NOTES, 1-2 YEAR",FINANCIAL INSTRUMENTS,"T-NOTES, 1-2 YEAR",Interest Rates - U.S. Treasury,21.6,21.6,35.3,30.4,21.6,21.6,33.5,30.1,UST 2Y NOTE,"(CONTRACTS OF $200,000 FACE VALUE)",34673,85124,3199,FutOnly,150609042601F,508512,185855,69455,2-YEAR U.S. TREASURY NOTES - CHICAGO BOARD OF TRADE,111435,143288,1152271,94914,131905,5180,18.4,36.0,9.8,3.0,7.4,0.3,44.1,16.1,6.0,9.7,12.4,8.2,11.4,0.4,90.3,87.6,100.0,2015-06-09T00:00:00.000,1040836,1008983,37,49,39,8,28,7,49,35,25,19,43,10,269,154,196,2015 Report Week 23
1071959,824677,291091,043,043602,CBT,CHI,F30,-10007,-106983,9369,-10795,-48811,-255,-38685,96600,-29748,9323,-23475,-107577,-38009,-5504,1230,-116900,-84102,"T-NOTES, 6.5-10 YEAR",FINANCIAL INSTRUMENTS,"T-NOTES, 6.5-10 YEAR",Interest Rates - U.S. Treasury,38.1,17.1,47.7,26.2,35.6,15.2,42.6,22.2,UST 10Y NOTE,"(CONTRACTS OF $100,000 FACE VALUE)",135156,138649,17994,FutOnly,150616043602F,395964,670922,119392,10-YEAR U.S. TREASURY NOTES - CHICAGO BOARD OF TRADE,276256,433312,2670001,347323,159098,14866,40.1,30.9,10.9,5.1,5.2,0.7,14.8,25.1,4.5,10.3,16.2,13.0,6.0,0.6,89.7,83.8,100.0,2015-06-16T00:00:00.000,2393745,2236689,46,83,70,19,33,14,54,78,44,29,41,11,383,232,290,2015 Report Week 24
205500,430674,114473,042,042601,CBT,CHI,F30,-6322,15490,1392,13072,51764,-1694,-8673,-21831,-4128,-5168,4540,53779,65022,7968,278,58947,49239,"T-NOTES, 1-2 YEAR",FINANCIAL INSTRUMENTS,"T-NOTES, 1-2 YEAR",Interest Rates - U.S. Treasury,23.3,20.6,36.2,29.8,23.2,20.6,33.5,29.5,UST 2Y NOTE,"(CONTRACTS OF $200,000 FACE VALUE)",47745,136888,1505,FutOnly,150616042601F,499839,164024,65327,2-YEAR U.S. TREASURY NOTES - CHICAGO BOARD OF TRADE,106267,147828,1206050,159936,139873,5458,17.0,35.7,9.5,4.0,11.4,0.1,41.4,13.6,5.4,8.8,12.3,13.3,11.6,0.5,91.2,87.7,100.0,2015-06-16T00:00:00.000,1099783,1058222,37,49,38,8,27,4,50,35,26,19,43,10,268,152,194,2015 Report Week 24
1117068,891095,283273,043,043602,CBT,CHI,F30,45109,66418,-7818,-834,-12860,1729,31190,-1999,1688,-9156,10555,48882,-11464,-7269,-1562,58038,38327,"T-NOTES, 6.5-10 YEAR",FINANCIAL INSTRUMENTS,"T-NOTES, 6.5-10 YEAR",Interest Rates - U.S. Treasury,38.9,17.8,48.1,26.7,36.5,15.7,43.0,23.1,UST 10Y NOTE,"(CONTRACTS OF $100,000 FACE VALUE)",134322,125789,19723,FutOnly,150623043602F,427154,668923,121080,10-YEAR U.S. TREASURY NOTES - CHICAGO BOARD OF TRADE,267100,443867,2718883,335859,151829,13304,41.1,32.8,10.4,4.9,4.6,0.7,15.7,24.6,4.5,9.8,16.3,12.4,5.6,0.5,90.2,83.7,100.0,2015-06-23T00:00:00.000,2451783,2275016,44,86,72,25,26,10,59,77,42,27,43,12,387,239,284,2015 Report Week 25
212670,424066,122859,042,042601,CBT,CHI,F30,7170,-6608,8386,-13003,-27025,1533,15475,12494,1454,11142,-6816,-3030,-39076,9663,3889,-14172,3786,"T-NOTES, 1-2 YEAR",FINANCIAL INSTRUMENTS,"T-NOTES, 1-2 YEAR",Interest Rates - U.S. Treasury,21.4,20.8,34.5,29.9,20.9,20.8,32.5,29.6,UST 2Y NOTE,"(CONTRACTS OF $200,000 FACE VALUE)",34742,109863,3038,FutOnly,150623042601F,515314,176518,66781,2-YEAR U.S. TREASURY NOTES - CHICAGO BOARD OF TRADE,117409,141012,1203020,120860,149536,9347,17.7,35.3,10.2,2.9,9.1,0.3,42.8,14.7,5.6,9.8,11.7,10.0,12.4,0.8,90.2,88.3,100.0,2015-06-23T00:00:00.000,1085611,1062008,40,47,43,8,32,5,50,37,22,18,44,10,276,155,201,2015 Report Week 25
1124227,846762,304062,043,043602,CBT,CHI,F30,7159,-44333,20789,-28551,28970,-1557,-26356,14651,-20623,18344,-25422,-175,20609,17339,10011,-18519,25247,"T-NOTES, 6.5-10 YEAR",FINANCIAL INSTRUMENTS,"T-NOTES, 6.5-10 YEAR",Interest Rates - U.S. Treasury,37.2,18.4,47.5,27.4,34.8,17.2,42.9,23.6,UST 10Y NOTE,"(CONTRACTS OF $100,000 FACE VALUE)",105771,154759,18166,FutOnly,150630043602F,400798,683574,100457,10-YEAR U.S. TREASURY NOTES - CHICAGO BOARD OF TRADE,285444,418445,2718708,356468,169168,23315,41.4,31.1,11.2,3.9,5.7,0.7,14.7,25.1,3.7,10.5,15.4,13.1,6.2,0.9,89.5,84.6,100.0,2015-06-30T00:00:00.000,2433264,2300263,47,82,72,15,35,8,56,72,42,31,46,16,384,235,287,2015 Report Week 26
213455,424945,115254,042,042601,CBT,CHI,F30,785,879,-7605,-2164,-14004,-462,-29591,-91,162,-3376,-335,-12825,30762,9967,-1336,-9449,-12490,"T-NOTES, 1-2 YEAR",FINANCIAL INSTRUMENTS,"T-NOTES, 1-2 YEAR",Interest Rates - U.S. Treasury,21.3,21.1,35.3,30.2,21.1,21.1,34.3,29.2,UST 2Y NOTE,"(CONTRACTS OF $200,000 FACE VALUE)",32578,95859,2576,FutOnly,150630042601F,485723,176427,66943,2-YEAR U.S. TREASURY NOTES - CHICAGO BOARD OF TRADE,114033,140677,1190195,151622,159503,8011,17.9,35.7,9.7,2.7,8.1,0.2,40.8,14.8,5.6,9.6,11.8,12.7,13.4,0.7,90.4,88.2,100.0,2015-06-30T00:00:00.000,1076162,1049518,40,46,41,10,30,6,45,35,25,22,42,10,270,158,194,2015 Report Week 26
1102669,793889,318285,043,043602,CBT,CHI,F30,-21558,-52873,14223,20305,-3655,-6236,-10418,52348,-1997,19417,2110,6371,-11984,-2168,4619,-13046,4261,"T-NOTES, 6.5-10 YEAR",FINANCIAL INSTRUMENTS,"T-NOTES, 6.5-10 YEAR",Interest Rates - U.S. Treasury,36.4,18.8,46.0,27.6,34.0,16.4,41.4,23.3,UST 10Y NOTE,"(CONTRACTS OF $100,000 FACE VALUE)",126076,151104,11930,FutOnly,150707043602F,390380,735922,98460,10-YEAR U.S. TREASURY NOTES - CHICAGO BOARD OF TRADE,304861,420555,2725079,344484,167000,27934,40.5,29.1,11.7,4.6,5.5,0.4,14.3,27.0,3.6,11.2,15.4,12.6,6.1,1.0,88.8,84.6,100.0,2015-07-07T00:00:00.000,2420218,2304524,45,85,75,17,38,8,47,72,39,30,51,19,385,228,298,2015 Report Week 27
240090,414538,109343,042,042601,CBT,CHI,F30,26635,-10407,-5911,-2360,15192,-626,28167,-7242,-18090,3750,3630,33899,2658,57677,-324,30149,30269,"T-NOTES, 1-2 YEAR",FINANCIAL INSTRUMENTS,"T-NOTES, 1-2 YEAR",Interest Rates - U.S. Treasury,20.9,22.4,34.7,32.6,20.8,22.4,33.9,31.5,UST 2Y NOTE,"(CONTRACTS OF $200,000 FACE VALUE)",30218,111051,1950,FutOnly,150707042601F,513890,169185,48853,2-YEAR U.S. TREASURY NOTES - CHICAGO BOARD OF TRADE,117783,144307,1224094,154280,217180,7687,19.6,33.9,8.9,2.5,9.1,0.2,42.0,13.8,4.0,9.6,11.8,12.6,17.7,0.6,90.4,88.2,100.0,2015-07-07T00:00:00.000,1106311,1079787,43,44,41,9,29,5,47,37,22,22,42,10,273,157,194,2015 Report Week 27
1094692,773350,321643,043,043602,CBT,CHI,F30,-7977,-20539,3358,-35912,-6578,3789,-18827,-29204,12669,-9508,14999,-28324,26428,-4474,-2344,-18816,-43323,"T-NOTES, 6.5-10 YEAR",FINANCIAL INSTRUMENTS,"T-NOTES, 6.5-10 YEAR",Interest Rates - U.S. Treasury,36.9,18.6,47.4,27.3,34.5,16.2,42.2,22.5,UST 10Y NOTE,"(CONTRACTS OF $100,000 FACE VALUE)",90164,144526,15719,FutOnly,150714043602F,371553,706718,111129,10-YEAR U.S. TREASURY NOTES - CHICAGO BOARD OF TRADE,295353,435554,2696755,370912,162526,25590,40.6,28.7,11.9,3.3,5.4,0.6,13.8,26.2,4.1,11.0,16.2,13.8,6.0,0.9,89.0,83.8,100.0,2015-07-14T00:00:00.000,2401402,2261201,45,80,71,20,31,11,53,72,48,32,45,21,379,249,281,2015 Report Week 28
248956,426936,115568,042,042601,CBT,CHI,F30,8866,12398,6225,-2343,14194,366,7076,35086,-927,5880,6297,57732,32301,-16195,288,51852,51435,"T-NOTES, 1-2 YEAR",FINANCIAL INSTRUMENTS,"T-NOTES, 1-2 YEAR",Interest Rates - U.S. Treasury,19.0,21.7,33.0,30.4,18.9,21.7,32.8,29.5,UST 2Y NOTE,"(CONTRACTS OF $200,000 FACE VALUE)",27875,125245,2316,FutOnly,150714042601F,520966,204271,47926,2-YEAR U.S. TREASURY NOTES - CHICAGO BOARD OF TRADE,123663,150604,1281826,186581,200985,7975,19.4,33.3,9.0,2.2,9.8,0.2,40.6,15.9,3.7,9.6,11.7,14.6,15.7,0.6,90.4,88.3,100.0,2015-07-14T00:00:00.000,1158163,1131222,41,48,46,8,34,6,46,38,26,23,47,11,285,163,211,2015 Report Week 28
1098675,778190,315380,043,043602,CBT,CHI,F30,3983,4840,-6263,-117,531,14454,34066,10906,2273,-17128,-489,36188,1545,6561,3375,53316,36677,"T-NOTES, 6.5-10 YEAR",FINANCIAL INSTRUMENTS,"T-NOTES, 6.5-10 YEAR",Interest Rates - U.S. Treasury,37.0,18.5,46.6,27.3,34.6,16.2,42.1,22.7,UST 10Y NOTE,"(CONTRACTS OF $100,000 FACE VALUE)",90047,145057,30173,FutOnly,150721043602F,405619,717624,113402,10-YEAR U.S. TREASURY NOTES - CHICAGO BOARD OF TRADE,278225,435065,2732943,372457,169087,28965,40.2,28.5,11.5,3.3,5.3,1.1,14.8,26.3,4.1,10.2,15.9,13.6,6.2,1.1,89.8,84.1,100.0,2015-07-21T00:00:00.000,2454718,2297878,43,84,71,21,32,9,55,71,52,33,48,22,387,253,288,2015 Report Week 29
240558,446530,114801,042,042601,CBT,CHI,F30,-8398,19594,-767,130,254,2069,-4025,4234,2005,-12608,-4699,16964,38858,-5426,-300,29572,21663,"T-NOTES, 1-2 YEAR",FINANCIAL INSTRUMENTS,"T-NOTES, 1-2 YEAR",Interest Rates - U.S. Treasury,21.1,21.2,34.8,30.2,21.1,21.2,34.7,28.9,UST 2Y NOTE,"(CONTRACTS OF $200,000 FACE VALUE)",28005,125499,4385,FutOnly,150721042601F,516941,208505,49931,2-YEAR U.S. TREASURY NOTES - CHICAGO BOARD OF TRADE,111055,145905,1298790,225439,195559,7675,18.5,34.4,8.8,2.2,9.7,0.3,39.8,16.1,3.8,8.6,11.2,17.4,15.1,0.6,91.4,88.8,100.0,2015-07-21T00:00:00.000,1187735,1152885,40,51,47,8,34,5,45,41,27,23,47,9,289,162,215,2015 Report Week 29
247212,442106,126995,042,042601,CBT,CHI,F30,6654,-4424,12194,-4625,-5386,-182,-18326,9883,-661,2602,743,10219,12489,-2022,74,7617,9476,"T-NOTES, 1-2 YEAR",FINANCIAL INSTRUMENTS,"T-NOTES, 1-2 YEAR",Interest Rates - U.S. Treasury,20.3,21.0,33.4,30.2,20.2,21.0,33.0,29.2,UST 2Y NOTE,"(CONTRACTS OF $200,000 FACE VALUE)",23380,120113,4203,FutOnly,150728042601F,498615,218388,49270,2-YEAR U.S. TREASURY NOTES - CHICAGO BOARD OF TRADE,113657,146648,1309009,237928,193537,7749,18.9,33.8,9.7,1.8,9.2,0.3,38.1,16.7,3.8,8.7,11.2,18.2,14.8,0.6,91.3,88.8,100.0,2015-07-28T00:00:00.000,1195352,1162361,41,50,44,6,33,4,46,40,27,23,47,10,286,161,210,2015 Report Week 30
1133914,796546,325477,043,043602,CBT,CHI,F30,35239,18356,10097,-22732,-2106,-1516,80016,29380,-10267,14347,16219,65373,-36431,8590,-3380,51026,49154,"T-NOTES, 6.5-10 YEAR",FINANCIAL INSTRUMENTS,"T-NOTES, 6.5-10 YEAR",Interest Rates - U.S. Treasury,37.4,19.4,47.1,28.2,34.7,17.3,41.8,23.5,UST 10Y NOTE,"(CONTRACTS OF $100,000 FACE VALUE)",67315,142951,28657,FutOnly,150728043602F,485635,747004,103135,10-YEAR U.S. TREASURY NOTES - CHICAGO BOARD OF TRADE,292572,451284,2798316,336026,177677,25585,40.5,28.5,11.6,2.4,5.1,1.0,17.4,26.7,3.7,10.5,16.1,12.0,6.3,0.9,89.5,83.9,100.0,2015-07-28T00:00:00.000,2505744,2347032,43,86,69,16,32,10,56,68,51,32,45,16,378,246,278,2015 Report Week 30
267217,465756,128601,042,042601,CBT,CHI,F30,20005,23650,1606,-1847,10687,3892,1446,5761,2706,394,-411,39602,9775,-9914,1625,39208,40013,"T-NOTES, 1-2 YEAR",FINANCIAL INSTRUMENTS,"T-NOTES, 1-2 YEAR",Interest Rates - U.S. Treasury,22.1,20.4,35.0,29.6,22.1,20.4,34.5,28.7,UST 2Y NOTE,"(CONTRACTS OF $200,000 FACE VALUE)",21533,130800,8095,FutOnly,150804042601F,500061,224149,51976,2-YEAR U.S. TREASURY NOTES - CHICAGO BOARD OF TRADE,114051,146237,1348611,247703,183623,9374,19.8,34.5,9.5,1.6,9.7,0.6,37.1,16.6,3.9,8.5,10.8,18.4,13.6,0.7,91.5,89.2,100.0,2015-08-04T00:00:00.000,1234560,1202374,40,52,44,8,36,6,51,37,28,22,47,12,294,170,214,2015 Report Week 31
1245975,709337,337745,043,043602,CBT,CHI,F30,112061,-87209,12268,26091,34708,-549,-37539,122393,22969,10619,11196,125322,-22833,7311,2235,114703,114126,"T-NOTES, 6.5-10 YEAR",FINANCIAL INSTRUMENTS,"T-NOTES, 6.5-10 YEAR",Interest Rates - U.S. Treasury,37.1,20.4,48.4,28.5,34.9,18.5,43.6,23.8,UST 10Y NOTE,"(CONTRACTS OF $100,000 FACE VALUE)",93406,177659,28108,FutOnly,150804043602F,448096,869397,126104,10-YEAR U.S. TREASURY NOTES - CHICAGO BOARD OF TRADE,303191,462480,2923638,313193,184988,27820,42.6,24.3,11.6,3.2,6.1,1.0,15.3,29.7,4.3,10.4,15.8,10.7,6.3,1.0,89.6,84.2,100.0,2015-08-04T00:00:00.000,2620447,2461158,47,79,73,18,37,12,52,72,54,28,52,20,385,249,295,2015 Report Week 31
262839,475333,125917,042,042601,CBT,CHI,F30,-4378,9577,-2684,5820,39274,1759,23792,-13417,10426,-1567,3878,43611,14567,-1078,-4124,45178,39733,"T-NOTES, 1-2 YEAR",FINANCIAL INSTRUMENTS,"T-NOTES, 1-2 YEAR",Interest Rates - U.S. Treasury,22.6,18.4,34.7,27.8,22.6,18.4,34.0,26.5,UST 2Y NOTE,"(CONTRACTS OF $200,000 FACE VALUE)",27353,170074,9854,FutOnly,150811042601F,523853,210732,62402,2-YEAR U.S. TREASURY NOTES - CHICAGO BOARD OF TRADE,112484,150115,1392222,262270,182545,5250,18.9,34.1,9.0,2.0,12.2,0.7,37.6,15.1,4.5,8.1,10.8,18.8,13.1,0.4,91.9,89.2,100.0,2015-08-11T00:00:00.000,1279738,1242107,39,53,42,8,40,7,54,39,32,24,49,13,306,173,227,2015 Report Week 32
1278542,774158,310194,043,043602,CBT,CHI,F30,32567,64821,-27551,-15895,14373,-1596,30279,-23331,14842,9565,8989,53527,9070,734,2246,43962,44538,"T-NOTES, 6.5-10 YEAR",FINANCIAL INSTRUMENTS,"T-NOTES, 6.5-10 YEAR",Interest Rates - U.S. Treasury,37.6,21.2,47.5,29.2,35.6,19.3,43.9,24.6,UST 10Y NOTE,"(CONTRACTS OF $100,000 FACE VALUE)",77511,192032,26512,FutOnly,150811043602F,478375,846066,140946,10-YEAR U.S. TREASURY NOTES - CHICAGO BOARD OF TRADE,312756,471469,2977165,322263,185722,30066,42.9,26.0,10.4,2.6,6.5,0.9,16.1,28.4,4.7,10.5,15.8,10.8,6.2,1.0,89.5,84.2,100.0,2015-08-11T00:00:00.000,2664409,2505696,46,85,73,17,38,13,54,68,51,30,54,20,392,253,296,2015 Report Week 32
1235017,743294,328635,043,043602,CBT,CHI,F30,-43525,-30864,18441,9733,-20334,21463,-33791,24862,4422,1629,-27206,-21390,1225,-11187,-987,-23019,5816,"T-NOTES, 6.5-10 YEAR",FINANCIAL INSTRUMENTS,"T-NOTES, 6.5-10 YEAR",Interest Rates - U.S. Treasury,37.3,21.4,45.9,29.6,35.4,19.2,42.1,24.6,UST 10Y NOTE,"(CONTRACTS OF $100,000 FACE VALUE)",87244,171698,47975,FutOnly,150818043602F,444584,870928,145368,10-YEAR U.S. TREASURY NOTES - CHICAGO BOARD OF TRADE,314385,444263,2955775,323488,174535,29079,41.8,25.1,11.1,3.0,5.8,1.6,15.0,29.5,4.9,10.6,15.0,10.9,5.9,1.0,89.4,85.0,100.0,2015-08-18T00:00:00.000,2641390,2511512,47,84,73,24,27,19,51,68,53,33,45,22,379,262,284,2015 Report Week 33
271363,484153,128210,042,042601,CBT,CHI,F30,8524,8820,2293,9405,-13621,2625,-11032,-6860,-748,-3615,-3062,-10992,-20554,-2549,2110,-7377,-7930,"T-NOTES, 1-2 YEAR",FINANCIAL INSTRUMENTS,"T-NOTES, 1-2 YEAR",Interest Rates - U.S. Treasury,21.5,18.7,33.9,28.0,21.5,18.7,33.4,27.1,UST 2Y NOTE,"(CONTRACTS OF $200,000 FACE VALUE)",36758,156453,12479,FutOnly,150818042601F,512821,203872,61654,2-YEAR U.S. TREASURY NOTES - CHICAGO BOARD OF TRADE,108869,147053,1381230,241716,179996,7360,19.6,35.1,9.3,2.7,11.3,0.9,37.1,14.8,4.5,7.9,10.6,17.5,13.0,0.5,92.1,89.4,100.0,2015-08-18T00:00:00.000,1272361,1234177,40,57,45,9,36,10,55,39,37,27,46,15,309,183,233,2015 Report Week 33
275064,453492,109517,042,042601,CBT,CHI,F30,3701,-30661,-18693,-10515,-18586,24501,-51567,-10511,20531,25329,19350,-17519,-12086,-4730,1280,-42848,-36869,"T-NOTES, 1-2 YEAR",FINANCIAL INSTRUMENTS,"T-NOTES, 1-2 YEAR",Interest Rates - U.S. Treasury,20.6,19.8,32.3,30.3,20.5,18.5,31.6,26.7,UST 2Y NOTE,"(CONTRACTS OF $200,000 FACE VALUE)",26243,137867,36980,FutOnly,150825042601F,461254,193361,82185,2-YEAR U.S. TREASURY NOTES - CHICAGO BOARD OF TRADE,134198,166403,1363711,229630,175266,8640,20.2,33.3,8.0,1.9,10.1,2.7,33.8,14.2,6.0,9.8,12.2,16.8,12.9,0.6,90.2,87.8,100.0,2015-08-25T00:00:00.000,1229513,1197308,38,53,41,7,36,17,56,33,33,24,40,12,287,176,214,2015 Report Week 34
1192411,759036,326190,043,043602,CBT,CHI,F30,-42606,15742,-2445,-18795,-18016,28415,-58614,-94200,58217,117891,80155,69806,-31226,-17031,18969,-48085,-10349,"T-NOTES, 6.5-10 YEAR",FINANCIAL INSTRUMENTS,"T-NOTES, 6.5-10 YEAR",Interest Rates - U.S. Treasury,33.9,20.6,42.3,29.7,32.0,17.3,37.9,23.5,UST 10Y NOTE,"(CONTRACTS OF $100,000 FACE VALUE)",68449,153682,76390,FutOnly,150825043602F,385970,776728,203585,10-YEAR U.S. TREASURY NOTES - CHICAGO BOARD OF TRADE,432276,524418,3025581,292262,157504,48048,39.4,25.1,10.8,2.3,5.1,2.5,12.8,25.7,6.7,14.3,17.3,9.7,5.2,1.6,85.7,82.7,100.0,2015-08-25T00:00:00.000,2593305,2501163,48,78,74,14,28,20,61,54,56,31,37,24,352,261,265,2015 Report Week 34
1168462,674496,329852,043,043602,CBT,CHI,F30,-23949,-84540,3662,-4276,28490,-43065,9519,-17808,-70639,-92994,-82744,-221151,23980,68882,-23389,-128157,-138407,"T-NOTES, 6.5-10 YEAR",FINANCIAL INSTRUMENTS,"T-NOTES, 6.5-10 YEAR",Interest Rates - U.S. Treasury,34.8,20.7,44.1,29.3,32.4,18.3,39.3,23.9,UST 10Y NOTE,"(CONTRACTS OF $100,000 FACE VALUE)",64173,182172,33325,FutOnly,150901043602F,395489,758920,132946,10-YEAR U.S. TREASURY NOTES - CHICAGO BOARD OF TRADE,339282,441674,2804430,316242,226386,24659,41.7,24.1,11.8,2.3,6.5,1.2,14.1,27.1,4.7,12.1,15.7,11.3,8.1,0.9,87.9,84.3,100.0,2015-09-01T00:00:00.000,2465148,2362756,54,76,70,18,30,18,64,52,47,28,43,15,365,257,258,2015 Report Week 35
295067,414929,101520,042,042601,CBT,CHI,F30,20003,-38563,-7997,-7035,-14878,-15983,-45218,2515,-33401,-6991,-23499,-143989,-43108,-7924,-4259,-136998,-120490,"T-NOTES, 1-2 YEAR",FINANCIAL INSTRUMENTS,"T-NOTES, 1-2 YEAR",Interest Rates - U.S. Treasury,19.4,21.6,32.2,30.9,19.3,20.4,32.0,28.9,UST 2Y NOTE,"(CONTRACTS OF $200,000 FACE VALUE)",19208,122989,20997,FutOnly,150901042601F,416036,195876,48784,2-YEAR U.S. TREASURY NOTES - CHICAGO BOARD OF TRADE,127207,142904,1219722,186522,167342,4381,24.2,34.0,8.3,1.6,10.1,1.7,34.1,16.1,4.0,10.4,11.7,15.3,13.7,0.4,89.6,88.3,100.0,2015-09-01T00:00:00.000,1092515,1076818,42,52,40,9,32,12,52,31,28,16,38,9,272,161,200,2015 Report Week 35
272346,397287,104042,042,042601,CBT,CHI,F30,-22721,-17642,2522,-4763,1596,-7084,-4075,-39186,-16085,-7033,-4567,-70760,-14688,6519,3167,-63727,-66193,"T-NOTES, 1-2 YEAR",FINANCIAL INSTRUMENTS,"T-NOTES, 1-2 YEAR",Interest Rates - U.S. Treasury,20.3,18.9,34.3,27.4,20.3,18.9,34.0,26.8,UST 2Y NOTE,"(CONTRACTS OF $200,000 FACE VALUE)",14445,124585,13913,FutOnly,150908042601F,411961,156690,32699,2-YEAR U.S. TREASURY NOTES - CHICAGO BOARD OF TRADE,120174,138337,1148962,171834,173861,7548,23.7,34.6,9.1,1.3,10.8,1.2,35.9,13.6,2.8,10.5,12.0,15.0,15.1,0.7,89.5,88.0,100.0,2015-09-08T00:00:00.000,1028788,1010625,40,54,42,8,34,11,44,34,28,14,41,8,269,150,208,2015 Report Week 36
1167918,663177,316357,043,043602,CBT,CHI,F30,-544,-11319,-13495,9340,1267,-5903,-26954,6174,-3583,-258,1491,-27878,13909,-2120,-390,-27620,-29369,"T-NOTES, 6.5-10 YEAR",FINANCIAL INSTRUMENTS,"T-NOTES, 6.5-10 YEAR",Interest Rates - U.S. Treasury,34.4,21.2,43.5,29.4,32.3,18.9,39.0,24.9,UST 10Y NOTE,"(CONTRACTS OF $100,000 FACE VALUE)",73513,183439,27422,FutOnly,150908043602F,368535,765094,129363,10-YEAR U.S. TREASURY NOTES - CHICAGO BOARD OF TRADE,339024,443165,2776552,330151,224266,24269,42.1,23.9,11.4,2.6,6.6,1.0,13.3,27.6,4.7,12.2,16.0,11.9,8.1,0.9,87.8,84.0,100.0,2015-09-08T00:00:00.000,2437528,2333387,56,75,71,19,34,24,62,47,44,29,42,17,364,261,259,2015 Report Week 36
1204915,637987,319501,043,043602,CBT,CHI,F30,36997,-25190,3144,5516,10611,-8888,-8913,9957,-7553,-10154,-15442,-44899,-56952,-13442,1904,-34745,-29457,"T-NOTES, 6.5-10 YEAR",FINANCIAL INSTRUMENTS,"T-NOTES, 6.5-10 YEAR",Interest Rates - U.S. Treasury,34.7,21.8,43.5,30.0,32.3,20.0,39.4,26.3,UST 10Y NOTE,"(CONTRACTS OF $100,000 FACE VALUE)",79029,194050,18534,FutOnly,150915043602F,359622,775051,121810,10-YEAR U.S. TREASURY NOTES - CHICAGO BOARD OF TRADE,328870,427723,2731653,273199,210824,26173,44.1,23.4,11.7,2.9,7.1,0.7,13.2,28.4,4.5,12.0,15.7,10.0,7.7,1.0,88.0,84.3,100.0,2015-09-15T00:00:00.000,2402783,2303930,57,73,71,21,30,16,67,51,45,31,38,15,368,267,248,2015 Report Week 37
264316,414401,104431,042,042601,CBT,CHI,F30,-8030,17114,389,8223,-12662,-4741,31342,369,-472,3098,-8059,-617,-33043,4828,2617,-3715,7442,"T-NOTES, 1-2 YEAR",FINANCIAL INSTRUMENTS,"T-NOTES, 1-2 YEAR",Interest Rates - U.S. Treasury,20.9,18.8,34.0,27.8,20.8,18.8,33.4,27.0,UST 2Y NOTE,"(CONTRACTS OF $200,000 FACE VALUE)",22668,111923,9172,FutOnly,150915042601F,443303,157059,32227,2-YEAR U.S. TREASURY NOTES - CHICAGO BOARD OF TRADE,123272,130278,1148345,138791,178689,10165,23.0,36.1,9.1,2.0,9.7,0.8,38.6,13.7,2.8,10.7,11.3,12.1,15.6,0.9,89.3,88.7,100.0,2015-09-15T00:00:00.000,1025073,1018067,39,56,41,6,32,4,54,32,23,17,39,10,275,152,201,2015 Report Week 37
1114335,663957,295700,043,043602,CBT,CHI,F30,-90580,25970,-23801,15911,14205,-1652,52672,-36420,-42433,4149,-9888,-87085,-1611,-13326,260,-91234,-77197,"T-NOTES, 6.5-10 YEAR",FINANCIAL INSTRUMENTS,"T-NOTES, 6.5-10 YEAR",Interest Rates - U.S. Treasury,33.0,20.7,42.1,29.0,30.5,19.0,38.2,25.4,UST 10Y NOTE,"(CONTRACTS OF $100,000 FACE VALUE)",94940,208255,16882,FutOnly,150922043602F,412294,738631,79377,10-YEAR U.S. TREASURY NOTES - CHICAGO BOARD OF TRADE,333019,417835,2644568,271588,197498,26433,42.1,25.1,11.2,3.6,7.9,0.6,15.6,27.9,3.0,12.6,15.8,10.3,7.5,1.0,87.4,84.2,100.0,2015-09-22T00:00:00.000,2311549,2226733,55,76,71,26,34,9,60,58,34,31,33,14,373,253,248,2015 Report Week 38
257155,391292,105878,042,042601,CBT,CHI,F30,-7161,-23109,1447,-463,-4791,3383,-26060,4535,-3148,-11061,-12241,-38578,4156,-4983,329,-27517,-26337,"T-NOTES, 1-2 YEAR",FINANCIAL INSTRUMENTS,"T-NOTES, 1-2 YEAR",Interest Rates - U.S. Treasury,21.1,19.8,33.4,28.8,20.9,19.8,32.1,27.3,UST 2Y NOTE,"(CONTRACTS OF $200,000 FACE VALUE)",22205,107132,12555,FutOnly,150922042601F,417243,161594,29079,2-YEAR U.S. TREASURY NOTES - CHICAGO BOARD OF TRADE,112211,118037,1109767,142947,173706,10494,23.2,35.3,9.5,2.0,9.7,1.1,37.6,14.6,2.6,10.1,10.6,12.9,15.7,0.9,89.9,89.4,100.0,2015-09-22T00:00:00.000,997556,991730,39,54,38,9,29,4,49,34,24,19,38,10,272,154,194,2015 Report Week 38
1187726,645555,319580,043,043602,CBT,CHI,F30,73391,-18402,23880,16854,36833,-1810,42105,77369,-25809,16690,2278,109071,-36682,14280,452,92381,106793,"T-NOTES, 6.5-10 YEAR",FINANCIAL INSTRUMENTS,"T-NOTES, 6.5-10 YEAR",Interest Rates - U.S. Treasury,33.0,21.7,42.0,30.1,30.4,20.2,38.2,25.9,UST 10Y NOTE,"(CONTRACTS OF $100,000 FACE VALUE)",111794,245088,15072,FutOnly,150929043602F,454399,816000,53568,10-YEAR U.S. TREASURY NOTES - CHICAGO BOARD OF TRADE,349709,420113,2753639,234906,211778,26885,43.1,23.4,11.6,4.1,8.9,0.5,16.5,29.6,1.9,12.7,15.3,8.5,7.7,1.0,87.3,84.7,100.0,2015-09-29T00:00:00.000,2403930,2333526,60,72,72,18,35,10,55,60,38,29,38,16,367,241,262,2015 Report Week 39
259695,381838,104652,042,042601,CBT,CHI,F30,2540,-9454,-1226,22327,871,5035,-26702,41752,10753,8871,18964,19325,-1096,-46193,-1177,10454,361,"T-NOTES, 1-2 YEAR",FINANCIAL INSTRUMENTS,"T-NOTES, 1-2 YEAR",Interest Rates - U.S. Treasury,21.8,17.1,34.9,25.8,21.7,16.6,32.0,24.2,UST 2Y NOTE,"(CONTRACTS OF $200,000 FACE VALUE)",44532,108003,17590,FutOnly,150929042601F,390541,203346,39832,2-YEAR U.S. TREASURY NOTES - CHICAGO BOARD OF TRADE,121082,137001,1129092,141851,127513,9317,23.0,33.8,9.3,3.9,9.6,1.6,34.6,18.0,3.5,10.7,12.1,12.6,11.3,0.8,89.3,87.9,100.0,2015-09-29T00:00:00.000,1008010,992091,41,50,39,10,28,4,47,33,26,18,39,8,266,153,190,2015 Report Week 39
1195259,649711,325993,043,043602,CBT,CHI,F30,7533,4156,6413,-2274,-5156,3058,-10892,12186,15695,-5956,-10854,16297,2315,-9606,405,22253,27151,"T-NOTES, 6.5-10 YEAR",FINANCIAL INSTRUMENTS,"T-NOTES, 6.5-10 YEAR",Interest Rates - U.S. Treasury,33.9,20.8,42.5,28.6,30.7,18.9,38.4,24.6,UST 10Y NOTE,"(CONTRACTS OF $100,000 FACE VALUE)",109520,239932,18130,FutOnly,151006043602F,443507,828186,69263,10-YEAR U.S. TREASURY NOTES - CHICAGO BOARD OF TRADE,343753,409259,2769936,237221,202172,27290,43.2,23.5,11.8,4.0,8.7,0.7,16.0,29.9,2.5,12.4,14.8,8.6,7.3,1.0,87.6,85.2,100.0,2015-10-06T00:00:00.000,2426183,2360677,63,71,70,22,33,15,57,63,46,27,41,17,377,260,265,2015 Report Week 40
245436,367643,107362,042,042601,CBT,CHI,F30,-14259,-14195,2710,-14648,-7392,-8597,-3055,-8576,-3475,-1246,-1879,-48582,-2242,-3408,-3770,-47336,-46703,"T-NOTES, 1-2 YEAR",FINANCIAL INSTRUMENTS,"T-NOTES, 1-2 YEAR",Interest Rates - U.S. Treasury,23.6,18.2,36.7,27.6,23.4,17.4,34.2,25.4,UST 2Y NOTE,"(CONTRACTS OF $200,000 FACE VALUE)",29884,100611,8993,FutOnly,151006042601F,387486,194770,36357,2-YEAR U.S. TREASURY NOTES - CHICAGO BOARD OF TRADE,119836,135122,1080510,139609,124105,5547,22.7,34.0,9.9,2.8,9.3,0.8,35.9,18.0,3.4,11.1,12.5,12.9,11.5,0.5,88.9,87.5,100.0,2015-10-06T00:00:00.000,960674,945388,41,46,43,13,32,,46,33,26,16,36,9,263,154,190,2015 Report Week 40
1201296,700716,309245,043,043602,CBT,CHI,F30,6037,51005,-16748,7221,-19595,-3714,16247,14834,7717,-5865,-2431,24208,12523,-7650,790,30073,26639,"T-NOTES, 6.5-10 YEAR",FINANCIAL INSTRUMENTS,"T-NOTES, 6.5-10 YEAR",Interest Rates - U.S. Treasury,33.9,21.1,42.6,29.6,30.6,19.0,38.5,25.3,UST 10Y NOTE,"(CONTRACTS OF $100,000 FACE VALUE)",116741,220337,14416,FutOnly,151013043602F,459754,843020,76980,10-YEAR U.S. TREASURY NOTES - CHICAGO BOARD OF TRADE,337888,406828,2794144,249744,194522,28080,43.0,25.1,11.1,4.2,7.9,0.5,16.5,30.2,2.8,12.1,14.6,8.9,7.0,1.0,87.9,85.4,100.0,2015-10-13T00:00:00.000,2456256,2387316,59,72,68,22,32,13,56,64,50,29,42,18,376,258,267,2015 Report Week 41
259587,361556,116372,042,042601,CBT,CHI,F30,14151,-6087,9010,1652,2077,-1358,4723,22576,-4414,4248,-514,26712,-1725,4997,425,22464,27226,"T-NOTES, 1-2 YEAR",FINANCIAL INSTRUMENTS,"T-NOTES, 1-2 YEAR",Interest Rates - U.S. Treasury,22.2,18.7,35.6,27.8,21.7,17.6,33.2,25.6,UST 2Y NOTE,"(CONTRACTS OF $200,000 FACE VALUE)",31536,102688,7635,FutOnly,151013042601F,392209,217346,31943,2-YEAR U.S. TREASURY NOTES - CHICAGO BOARD OF TRADE,124084,134608,1107222,137884,129102,5972,23.4,32.7,10.5,2.8,9.3,0.7,35.4,19.6,2.9,11.2,12.2,12.5,11.7,0.5,88.8,87.8,100.0,2015-10-13T00:00:00.000,983138,972614,43,45,41,15,33,,45,37,26,20,38,10,276,158,198,2015 Report Week 41
1179571,753546,303769,043,043602,CBT,CHI,F30,-21725,52830,-5476,-8237,-6876,10662,-31034,-83840,3778,3812,-1195,-18772,27685,9582,1763,-22584,-17577,"T-NOTES, 6.5-10 YEAR",FINANCIAL INSTRUMENTS,"T-NOTES, 6.5-10 YEAR",Interest Rates - U.S. Treasury,33.8,17.8,43.1,26.9,31.6,15.7,39.2,23.1,UST 10Y NOTE,"(CONTRACTS OF $100,000 FACE VALUE)",108504,213461,25078,FutOnly,151020043602F,428720,759180,80758,10-YEAR U.S. TREASURY NOTES - CHICAGO BOARD OF TRADE,341700,405633,2775372,277429,204104,29843,42.5,27.2,10.9,3.9,7.7,0.9,15.4,27.4,2.9,12.3,14.6,10.0,7.4,1.1,87.7,85.4,100.0,2015-10-20T00:00:00.000,2433672,2369739,58,73,68,19,32,12,52,69,50,26,47,15,376,248,273,2015 Report Week 42
253415,402954,107868,042,042601,CBT,CHI,F30,-6172,41398,-8504,16260,-24256,-2738,-11340,-12824,3556,1008,-212,-8434,-534,-4884,30,-9442,-8222,"T-NOTES, 1-2 YEAR",FINANCIAL INSTRUMENTS,"T-NOTES, 1-2 YEAR",Interest Rates - U.S. Treasury,22.7,19.4,35.9,29.5,22.4,17.4,32.8,26.6,UST 2Y NOTE,"(CONTRACTS OF $200,000 FACE VALUE)",47796,78432,4897,FutOnly,151020042601F,380869,204522,35499,2-YEAR U.S. TREASURY NOTES - CHICAGO BOARD OF TRADE,125092,134396,1098788,137350,124218,6002,23.1,36.7,9.8,4.3,7.1,0.4,34.7,18.6,3.2,11.4,12.2,12.5,11.3,0.5,88.6,87.8,100.0,2015-10-20T00:00:00.000,973696,964392,43,47,39,14,32,4,41,35,26,20,38,10,270,157,192,2015 Report Week 42
1090116,846824,301434,043,043602,CBT,CHI,F30,-89455,93278,-2335,14058,-9980,-1019,41233,-89683,-9148,15430,4309,-18612,11494,-5164,1130,-34042,-22921,"T-NOTES, 6.5-10 YEAR",FINANCIAL INSTRUMENTS,"T-NOTES, 6.5-10 YEAR",Interest Rates - U.S. Treasury,33.5,17.4,42.3,26.6,31.3,15.0,38.3,22.4,UST 10Y NOTE,"(CONTRACTS OF $100,000 FACE VALUE)",122562,203481,24059,FutOnly,151027043602F,469953,669497,71610,10-YEAR U.S. TREASURY NOTES - CHICAGO BOARD OF TRADE,357130,409942,2756760,288923,198940,30973,39.5,30.7,10.9,4.4,7.4,0.9,17.0,24.3,2.6,13.0,14.9,10.5,7.2,1.1,87.0,85.1,100.0,2015-10-27T00:00:00.000,2399630,2346818,51,77,69,17,24,16,57,62,47,25,40,14,353,245,254,2015 Report Week 43
259182,362542,114069,042,042601,CBT,CHI,F30,5767,-40412,6201,-13919,24248,1494,-3264,37535,40029,1395,1004,71565,33750,1354,112,70170,70561,"T-NOTES, 1-2 YEAR",FINANCIAL INSTRUMENTS,"T-NOTES, 1-2 YEAR",Interest Rates - U.S. Treasury,23.8,19.3,35.6,28.8,23.6,17.3,33.9,25.3,UST 2Y NOTE,"(CONTRACTS OF $200,000 FACE VALUE)",33877,102680,6391,FutOnly,151027042601F,377605,242057,75528,2-YEAR U.S. TREASURY NOTES - CHICAGO BOARD OF TRADE,126487,135400,1170353,171100,125572,6114,22.1,31.0,9.7,2.9,8.8,0.5,32.3,20.7,6.5,10.8,11.6,14.6,10.7,0.5,89.2,88.4,100.0,2015-10-27T00:00:00.000,1043866,1034953,45,44,39,13,34,7,40,33,29,20,39,9,268,159,193,2015 Report Week 43
1032053,823029,326861,043,043602,CBT,CHI,F30,-58063,-23795,25427,28334,-30426,-6340,-77334,-25593,-4620,-13746,15098,-58837,48698,-7395,-1193,-45091,-73935,"T-NOTES, 6.5-10 YEAR",FINANCIAL INSTRUMENTS,"T-NOTES, 6.5-10 YEAR",Interest Rates - U.S. Treasury,31.4,14.8,40.8,23.2,28.7,11.1,36.5,17.9,UST 10Y NOTE,"(CONTRACTS OF $100,000 FACE VALUE)",150896,173055,17719,FutOnly,151103043602F,392619,643904,66990,10-YEAR U.S. TREASURY NOTES - CHICAGO BOARD OF TRADE,343384,425040,2697923,337621,191545,29780,38.3,30.5,12.1,5.6,6.4,0.7,14.6,23.9,2.5,12.7,15.8,12.5,7.1,1.1,87.3,84.2,100.0,2015-11-03T00:00:00.000,2354539,2272883,51,78,67,23,26,16,44,74,54,26,40,17,362,248,268,2015 Report Week 44
260417,347182,113438,042,042601,CBT,CHI,F30,1235,-15360,-631,18812,-10774,1210,-60579,-28874,-1984,-1268,7784,-50914,-7289,-1865,-420,-49646,-58698,"T-NOTES, 1-2 YEAR",FINANCIAL INSTRUMENTS,"T-NOTES, 1-2 YEAR",Interest Rates - U.S. Treasury,23.2,18.4,33.4,29.1,23.1,16.7,31.8,23.8,UST 2Y NOTE,"(CONTRACTS OF $200,000 FACE VALUE)",52689,91906,7601,FutOnly,151103042601F,317026,213183,73544,2-YEAR U.S. TREASURY NOTES - CHICAGO BOARD OF TRADE,125219,143184,1119439,163811,123707,5694,23.3,31.0,10.1,4.7,8.2,0.7,28.3,19.0,6.6,11.2,12.8,14.6,11.1,0.5,88.8,87.2,100.0,2015-11-03T00:00:00.000,994220,976255,43,47,40,11,27,6,45,33,31,17,40,9,263,160,189,2015 Report Week 44
892130,790163,343957,043,043602,CBT,CHI,F30,-139923,-32866,17096,-34913,13765,6459,-14088,-100814,51239,-23964,23849,-91029,55801,-61021,-8736,-67065,-114878,"T-NOTES, 6.5-10 YEAR",FINANCIAL INSTRUMENTS,"T-NOTES, 6.5-10 YEAR",Interest Rates - U.S. Treasury,29.6,14.5,39.3,23.7,26.0,11.6,34.2,17.4,UST 10Y NOTE,"(CONTRACTS OF $100,000 FACE VALUE)",115983,186820,24178,FutOnly,151110043602F,378531,543090,118229,10-YEAR U.S. TREASURY NOTES - CHICAGO BOARD OF TRADE,319420,448889,2606894,393422,130524,21044,34.2,30.3,13.2,4.4,7.2,0.9,14.5,20.8,4.5,12.3,17.2,15.1,5.0,0.8,87.7,82.8,100.0,2015-11-10T00:00:00.000,2287474,2158005,49,76,64,18,32,15,48,66,56,31,33,16,353,246,258,2015 Report Week 45
240384,318737,120735,042,042601,CBT,CHI,F30,-20033,-28445,7297,8853,15897,-3675,5408,12649,-3423,-8067,7945,-2201,12203,-9682,-764,5866,-10146,"T-NOTES, 1-2 YEAR",FINANCIAL INSTRUMENTS,"T-NOTES, 1-2 YEAR",Interest Rates - U.S. Treasury,23.1,17.8,33.0,28.2,22.3,16.2,31.1,23.6,UST 2Y NOTE,"(CONTRACTS OF $200,000 FACE VALUE)",61542,107803,3926,FutOnly,151110042601F,322434,225832,70121,2-YEAR U.S. TREASURY NOTES - CHICAGO BOARD OF TRADE,117152,151129,1117238,176014,114025,4930,21.5,28.5,10.8,5.5,9.6,0.4,28.9,20.2,6.3,10.5,13.5,15.8,10.2,0.4,89.5,86.5,100.0,2015-11-10T00:00:00.000,1000086,966109,45,41,39,9,34,6,48,36,35,21,36,11,270,168,193,2015 Report Week 45
252761,313403,116146,042,042601,CBT,CHI,F30,12377,-5334,-4589,3495,-3479,-200,-51513,-32353,-306,2667,2719,-40285,-4319,1154,2103,-42952,-43004,"T-NOTES, 1-2 YEAR",FINANCIAL INSTRUMENTS,"T-NOTES, 1-2 YEAR",Interest Rates - U.S. Treasury,24.1,17.5,34.4,26.8,22.9,16.3,30.9,23.5,UST 2Y NOTE,"(CONTRACTS OF $200,000 FACE VALUE)",65037,104324,3726,FutOnly,151117042601F,270921,193479,69815,2-YEAR U.S. TREASURY NOTES - CHICAGO BOARD OF TRADE,119819,153848,1076953,171695,115179,7033,23.5,29.1,10.8,6.0,9.7,0.3,25.2,18.0,6.5,11.1,14.3,15.9,10.7,0.7,88.9,85.7,100.0,2015-11-17T00:00:00.000,957134,923105,47,42,39,9,32,8,42,37,34,20,38,10,267,162,196,2015 Report Week 46
957079,815950,335109,043,043602,CBT,CHI,F30,64949,25787,-8848,7541,-41302,4945,-34835,48381,6795,-18421,9653,47696,23129,-156,2441,66117,38043,"T-NOTES, 6.5-10 YEAR",FINANCIAL INSTRUMENTS,"T-NOTES, 6.5-10 YEAR",Interest Rates - U.S. Treasury,31.8,14.8,41.1,23.5,28.2,11.7,36.0,17.6,UST 10Y NOTE,"(CONTRACTS OF $100,000 FACE VALUE)",123524,145518,29123,FutOnly,151117043602F,343696,591471,125024,10-YEAR U.S. TREASURY NOTES - CHICAGO BOARD OF TRADE,300999,458542,2654590,416551,130368,23485,36.1,30.7,12.6,4.7,5.5,1.1,12.9,22.3,4.7,11.3,17.3,15.7,4.9,0.9,88.7,82.7,100.0,2015-11-17T00:00:00.000,2353591,2196048,48,78,68,23,23,16,44,70,54,29,35,18,350,250,256,2015 Report Week 46
276304,313516,98273,042,042601,CBT,CHI,F30,23543,113,-17873,-13201,-10295,9464,-46518,-15915,-1022,15252,17342,-22095,3603,-8566,4657,-37347,-39437,"T-NOTES, 1-2 YEAR",FINANCIAL INSTRUMENTS,"T-NOTES, 1-2 YEAR",Interest Rates - U.S. Treasury,22.7,15.9,32.2,23.6,21.3,15.4,29.5,22.6,UST 2Y NOTE,"(CONTRACTS OF $200,000 FACE VALUE)",51836,94029,13190,FutOnly,151124042601F,224403,177564,68793,2-YEAR U.S. TREASURY NOTES - CHICAGO BOARD OF TRADE,135071,171190,1054858,175298,106613,11690,26.2,29.7,9.3,4.9,8.9,1.3,21.3,16.8,6.5,12.8,16.2,16.6,10.1,1.1,87.2,83.8,100.0,2015-11-24T00:00:00.000,919787,883668,48,42,41,11,33,12,42,38,36,20,34,12,271,170,202,2015 Report Week 47
995270,784957,413986,043,043602,CBT,CHI,F30,38191,-30993,78877,-32653,-21340,12071,22755,42532,30065,-1560,21640,107766,-31839,-16945,-8141,109326,86126,"T-NOTES, 6.5-10 YEAR",FINANCIAL INSTRUMENTS,"T-NOTES, 6.5-10 YEAR",Interest Rates - U.S. Treasury,32.5,18.9,42.8,28.0,28.5,15.4,35.9,20.7,UST 10Y NOTE,"(CONTRACTS OF $100,000 FACE VALUE)",90871,124178,41194,FutOnly,151124043602F,366451,634003,155089,10-YEAR U.S. TREASURY NOTES - CHICAGO BOARD OF TRADE,299439,480182,2762356,384712,113423,15344,36.0,28.4,15.0,3.3,4.5,1.5,13.3,23.0,5.6,10.8,17.4,13.9,4.1,0.6,89.2,82.6,100.0,2015-11-24T00:00:00.000,2462917,2282174,52,73,74,18,22,21,43,68,52,22,31,15,330,238,254,2015 Report Week 47
1066464,781739,344876,043,043602,CBT,CHI,F30,71194,-3218,-69110,-18193,30972,-17911,39337,52118,22938,-1470,-26746,18452,-12703,25039,4370,19922,45198,"T-NOTES, 6.5-10 YEAR",FINANCIAL INSTRUMENTS,"T-NOTES, 6.5-10 YEAR",Interest Rates - U.S. Treasury,34.2,20.0,43.3,28.5,30.3,16.5,37.9,21.5,UST 10Y NOTE,"(CONTRACTS OF $100,000 FACE VALUE)",72678,155150,23283,FutOnly,151201043602F,405788,686121,178027,10-YEAR U.S. TREASURY NOTES - CHICAGO BOARD OF TRADE,297969,453436,2780808,372009,138462,19714,38.4,28.1,12.4,2.6,5.6,0.8,14.6,24.7,6.4,10.7,16.3,13.4,5.0,0.7,89.3,83.7,100.0,2015-12-01T00:00:00.000,2482839,2327372,53,75,66,15,27,17,48,67,43,22,37,14,344,235,249,2015 Report Week 48
275479,310412,97495,042,042601,CBT,CHI,F30,-825,-3104,-778,-11845,-18712,-4409,6711,-6144,-14965,-16779,-20836,-71269,-22163,3895,-6216,-54490,-50433,"T-NOTES, 1-2 YEAR",FINANCIAL INSTRUMENTS,"T-NOTES, 1-2 YEAR",Interest Rates - U.S. Treasury,21.7,17.7,31.7,26.4,20.4,16.7,28.6,25.0,UST 2Y NOTE,"(CONTRACTS OF $200,000 FACE VALUE)",39991,75317,8781,FutOnly,151201042601F,231114,171420,53828,2-YEAR U.S. TREASURY NOTES - CHICAGO BOARD OF TRADE,118292,150354,983589,153135,110508,5474,28.0,31.6,9.9,4.1,7.7,0.9,23.5,17.4,5.5,12.0,15.3,15.6,11.2,0.6,88.0,84.7,100.0,2015-12-01T00:00:00.000,865297,833235,48,39,38,12,24,12,42,35,33,17,35,9,253,159,186,2015 Report Week 48
1025306,783292,376748,043,043602,CBT,CHI,F30,-41158,1553,31872,-4625,-7196,6683,458,-57854,-52136,-19313,-10062,-94772,-10995,-2074,-5558,-75459,-84710,"T-NOTES, 6.5-10 YEAR",FINANCIAL INSTRUMENTS,"T-NOTES, 6.5-10 YEAR",Interest Rates - U.S. Treasury,34.4,18.5,43.9,28.2,30.2,14.2,38.5,20.1,UST 10Y NOTE,"(CONTRACTS OF $100,000 FACE VALUE)",68053,147954,29966,FutOnly,151208043602F,406246,628267,125891,10-YEAR U.S. TREASURY NOTES - CHICAGO BOARD OF TRADE,278656,443374,2686036,361014,136388,14156,38.2,29.2,14.0,2.5,5.5,1.1,15.1,23.4,4.7,10.4,16.5,13.4,5.1,0.5,89.6,83.5,100.0,2015-12-08T00:00:00.000,2407380,2242662,52,79,69,12,33,19,49,68,45,21,38,12,352,233,264,2015 Report Week 49
282642,300638,103719,042,042601,CBT,CHI,F30,7163,-9774,6224,14022,7525,-7176,-7725,-3477,-3430,-15635,-5195,-12955,-4773,3973,-1625,2680,-7760,"T-NOTES, 1-2 YEAR",FINANCIAL INSTRUMENTS,"T-NOTES, 1-2 YEAR",Interest Rates - U.S. Treasury,21.9,17.3,33.1,26.2,20.8,17.3,29.8,25.3,UST 2Y NOTE,"(CONTRACTS OF $200,000 FACE VALUE)",54013,82842,1605,FutOnly,151208042601F,223389,167943,50398,2-YEAR U.S. TREASURY NOTES - CHICAGO BOARD OF TRADE,102657,145159,970634,148362,114481,3849,29.1,31.0,10.7,5.6,8.5,0.2,23.0,17.3,5.2,10.6,15.0,15.3,11.8,0.4,89.4,85.0,100.0,2015-12-08T00:00:00.000,867977,825475,48,37,39,12,30,5,39,35,28,18,36,10,255,147,190,2015 Report Week 49
1025809,804276,361608,043,043602,CBT,CHI,F30,503,20984,-15140,8110,5623,-8401,-41001,-35359,-33809,17820,-16345,-90434,-25801,-15272,7285,-108254,-74089,"T-NOTES, 6.5-10 YEAR",FINANCIAL INSTRUMENTS,"T-NOTES, 6.5-10 YEAR",Interest Rates - U.S. Treasury,34.4,17.9,44.7,27.4,30.0,13.6,38.6,19.2,UST 10Y NOTE,"(CONTRACTS OF $100,000 FACE VALUE)",76163,153577,21565,FutOnly,151215043602F,365245,592908,92082,10-YEAR U.S. TREASURY NOTES - CHICAGO BOARD OF TRADE,296476,427029,2595602,335213,121116,21441,39.5,31.0,13.9,2.9,5.9,0.8,14.1,22.8,3.5,11.4,16.5,12.9,4.7,0.8,88.6,83.5,100.0,2015-12-15T00:00:00.000,2299126,2168573,54,80,67,14,32,13,48,62,40,17,36,12,343,224,251,2015 Report Week 50
286439,285535,114404,042,042601,CBT,CHI,F30,3797,-15103,10685,-2114,13687,105,18728,22787,-12180,-32,-6191,28779,11442,16641,-1652,28811,34970,"T-NOTES, 1-2 YEAR",FINANCIAL INSTRUMENTS,"T-NOTES, 1-2 YEAR",Interest Rates - U.S. Treasury,22.6,16.6,34.6,25.2,22.3,16.6,31.3,24.7,UST 2Y NOTE,"(CONTRACTS OF $200,000 FACE VALUE)",51899,96529,1710,FutOnly,151215042601F,242117,190730,38218,2-YEAR U.S. TREASURY NOTES - CHICAGO BOARD OF TRADE,102625,138968,999413,159804,131122,2197,28.7,28.6,11.4,5.2,9.7,0.2,24.2,19.1,3.8,10.3,13.9,16.0,13.1,0.2,89.7,86.1,100.0,2015-12-15T00:00:00.000,896788,860445,53,37,43,10,31,4,39,33,25,18,36,7,257,150,186,2015 Report Week 50
960379,782171,351634,043,043602,CBT,CHI,F30,-65430,-22105,-9974,4354,-10550,729,-8186,-40575,-25810,-5371,-4033,-98929,9253,11883,1506,-93558,-94896,"T-NOTES, 6.5-10 YEAR",FINANCIAL INSTRUMENTS,"T-NOTES, 6.5-10 YEAR",Interest Rates - U.S. Treasury,34.6,17.8,43.8,26.7,29.9,14.1,37.5,19.0,UST 10Y NOTE,"(CONTRACTS OF $100,000 FACE VALUE)",80517,143027,22294,FutOnly,151222043602F,357059,552333,66272,10-YEAR U.S. TREASURY NOTES - CHICAGO BOARD OF TRADE,291105,422996,2496673,344466,132999,22947,38.5,31.3,14.1,3.2,5.7,0.9,14.3,22.1,2.7,11.7,16.9,13.8,5.3,0.9,88.3,83.1,100.0,2015-12-22T00:00:00.000,2205568,2073677,53,78,64,15,33,9,52,59,37,23,35,14,348,228,244,2015 Report Week 51
284371,286634,101310,042,042601,CBT,CHI,F30,-2068,1099,-13094,-1982,-3207,372,-18941,15458,3909,840,-2298,-10862,20469,-12734,-367,-11702,-8564,"T-NOTES, 1-2 YEAR",FINANCIAL INSTRUMENTS,"T-NOTES, 1-2 YEAR",Interest Rates - U.S. Treasury,22.2,16.3,35.7,24.9,21.5,16.3,33.1,24.2,UST 2Y NOTE,"(CONTRACTS OF $200,000 FACE VALUE)",49917,93322,2082,FutOnly,151222042601F,223176,206188,42127,2-YEAR U.S. TREASURY NOTES - CHICAGO BOARD OF TRADE,103465,136670,988551,180273,118388,1830,28.8,29.0,10.2,5.0,9.4,0.2,22.6,20.9,4.3,10.5,13.8,18.2,12.0,0.2,89.5,86.2,100.0,2015-12-22T00:00:00.000,885086,851881,45,40,42,12,28,4,38,35,28,19,36,8,253,151,184,2015 Report Week 51
967964,752616,351996,043,043602,CBT,CHI,F30,7585,-29555,362,-16049,7742,-846,3357,7378,5953,-6925,11214,-9606,-1285,-10096,-1758,-2681,-20820,"T-NOTES, 6.5-10 YEAR",FINANCIAL INSTRUMENTS,"T-NOTES, 6.5-10 YEAR",Interest Rates - U.S. Treasury,34.4,17.9,43.5,26.6,29.6,14.0,37.2,19.1,UST 10Y NOTE,"(CONTRACTS OF $100,000 FACE VALUE)",64468,150769,21448,FutOnly,151229043602F,360416,559711,72225,10-YEAR U.S. TREASURY NOTES - CHICAGO BOARD OF TRADE,284180,434210,2487067,343181,122903,21189,38.9,30.3,14.2,2.6,6.1,0.9,14.5,22.5,2.9,11.4,17.5,13.8,4.9,0.9,88.6,82.5,100.0,2015-12-29T00:00:00.000,2202887,2052857,53,76,63,11,30,8,51,60,38,20,31,13,332,216,238,2015 Report Week 52
318356,294928,99281,042,042601,CBT,CHI,F30,33985,8294,-2029,-11066,-780,1051,4285,12419,2930,-4724,6860,28676,4391,78,-147,33400,21816,"T-NOTES, 1-2 YEAR",FINANCIAL INSTRUMENTS,"T-NOTES, 1-2 YEAR",Interest Rates - U.S. Treasury,21.9,15.9,36.8,24.5,21.2,15.7,33.9,23.7,UST 2Y NOTE,"(CONTRACTS OF $200,000 FACE VALUE)",38851,92542,3133,FutOnly,151229042601F,227461,218607,45057,2-YEAR U.S. TREASURY NOTES - CHICAGO BOARD OF TRADE,98741,143530,1017227,184664,118466,1683,31.3,29.0,9.8,3.8,9.1,0.3,22.4,21.5,4.4,9.7,14.1,18.2,11.6,0.2,90.3,85.9,100.0,2015-12-29T00:00:00.000,918486,873697,44,41,40,11,28,4,37,38,24,20,36,8,255,148,183,2015 Report Week 52
